类别,English,English,简体中文,简体中文,简体中文,备注,Extracted English,导出中文,示例,导出中文,示例
方块,Acacia Button,,金合欢木按钮,,,,Acacia,金合欢木,金合欢木门（Acacia Door）,金合欢,金合欢树叶，金合欢原木，金合欢树苗
方块,Acacia Door,,金合欢木门,,,,,,,,
方块,Acacia Fence,,金合欢木栅栏,,,,,,,,
方块,Acacia Fence Gate,,金合欢木栅栏门,,,,,,,,
方块,Acacia Leaves,,金合欢树叶,,,,,,,,
方块,Acacia Log,,金合欢原木,,,,,,,,
方块,Acacia Planks,,金合欢木板,,,,Planks,木板,金合欢木板（Acacia Planks），橡木木板,,
方块,Acacia Pressure Plate,,金合欢木压力板,,,,,,,,
方块,Acacia Sapling,,金合欢树苗,,,,Sapling,树苗,金合欢树苗（Acacia Sapling）,,
方块,Acacia Sign,,金合欢木告示牌,,,,Sign,告示牌,金合欢木告示牌（Acacia Sign）,,
方块,Acacia Slab,,金合欢木台阶,,,,,,,,
方块,Acacia Stairs,,金合欢木楼梯,,,,,,,,
方块,Acacia Trapdoor,,金合欢木活板门,,,,,,,,
方块,Acacia Wall Sign,,墙上的金合欢木告示牌,,,,Wall Sign,墙上的告示牌,墙上的金合欢木告示牌（Acacia Wall Sign）,,
方块,Acacia Wood,,金合欢木,,,,,,,,
方块,Activator Rail,,激活铁轨,,,,,,,,
方块,Air,,空气,,,,,,,,
方块,Allium,,绒球葱,,,,,,,,
方块,Amethyst Bud,,紫晶芽,,,,Bud,芽,紫晶芽（Amethyst Bud）,,
方块,Amethyst Cluster,,紫水晶簇,,,,Cluster,簇,紫水晶簇（Amethyst Cluster）,,
方块,Ancient Debris,,远古残骸,,,,,,,,
方块,Andesite,,安山岩,,,,,,,,
方块,Andesite Slab,,安山岩台阶,,,,,,,,
方块,Andesite Stairs,,安山岩楼梯,,,,,,,,
方块,Andesite Wall,,安山岩墙,,,,,,,,
方块,Anvil,,铁砧,,,,,,,,
方块,Attached Melon Stem,,结果的西瓜茎,,,,,,,,
方块,Attached Pumpkin Stem,,结果的南瓜茎,,,,,,,,
方块,Azalea,,杜鹃花丛,,,,,,,,
方块,Azalea Leaves,,杜鹃树叶,,,,,,,,
方块,Azure Bluet,,蓝花美耳草,,,,,,,,
方块,Bamboo Sapling,Bamboo Shoot,竹笋,,,,,,,,
方块,Banner,,旗帜,,,,,,,,
方块,Barrel,,木桶,,,,,,,,
方块,Barrier,,屏障,,,,,,,,
方块,Basalt,,玄武岩,,,,,,,,
方块,Beacon,,信标,,,,,,,,
方块,Bed,,床,,,,,,,,
方块,Bedrock,,基岩,,,,,,,,
方块,Bee Nest,,蜂巢,,,,,,,,
方块,Beehive,,蜂箱,,,,,,,,
方块,Beetroots,Beetroot,甜菜根,,,,,,,,
方块,Bell,,钟,,,,,,,,
方块,Big Dripleaf,,大型垂滴叶,,,,,,,,
方块,Big Dripleaf Stem,,大型垂滴叶茎,,,,,,,,
方块,Birch Button,,白桦木按钮,,,,Birch,白桦木,白桦木按钮（Birch Button）,白桦,白桦树叶，白桦原木，白桦树苗
方块,Birch Door,,白桦木门,,,,,,,,
方块,Birch Fence,,白桦木栅栏,,,,,,,,
方块,Birch Fence Gate,,白桦木栅栏门,,,,,,,,
方块,Birch Leaves,,白桦树叶,,,,,,,,
方块,Birch Log,,白桦原木,,,,,,,,
方块,Birch Planks,,白桦木板,,,,,,,,
方块,Birch Pressure Plate,,白桦木压力板,,,,,,,,
方块,Birch Sapling,,白桦树苗,,,,,,,,
方块,Birch Sign,,白桦木告示牌,,,,,,,,
方块,Birch Slab,,白桦木台阶,,,,,,,,
方块,Birch Stairs,,白桦木楼梯,,,,,,,,
方块,Birch Trapdoor,,白桦木活板门,,,,,,,,
方块,Birch Wall Sign,,墙上的白桦木告示牌,,,,,,,,
方块,Birch Wood,,白桦木,,,,,,,,
方块,Black Wall Banner,,墙上的黑色旗帜,,,,,,,,
方块,Blackstone,,黑石,,,,,,,,
方块,Blackstone Slab,,黑石台阶,,,,,,,,
方块,Blackstone Stairs,,黑石楼梯,,,,,,,,
方块,Blackstone Wall,,黑石墙,,,,,,,,
方块,Blast Furnace,,高炉,,,,,,,,
方块,Block of Amethyst,,紫水晶块,,,,Block of,块,煤炭块（Block of Coal），石英块（Block of Quartz），紫水晶块,,
方块,Block of Coal,,煤炭块,,,,,,,,
方块,Block of Copper,,铜块,,,,Copper,铜,,,
方块,Block of Diamond,,钻石块,,,,,,,,
方块,Block of Emerald,,绿宝石块,,,,,,,,
方块,Block of Gold,,金块,,,,Gold,金,,,
方块,Block of Iron,,铁块,,,,Iron,铁,,,
方块,Block of Lapis Lazuli,,青金石块,,,,,,,,
方块,Block of Netherite,,下界合金块,,,,Netherite,下界合金,下界合金斧（Netherite Axe）,,
方块,Block of Quartz,Quartz Block,石英块,,,,Quartz,石英,,,
方块,Block of Raw Copper,,粗铜块,,,,Raw,粗,粗铜，粗金，粗铁,生,生鸡肉（Raw Chicken）
方块,Block of Raw Gold,,粗金块,,,,,,,,
方块,Block of Raw Iron,,粗铁块,,,,,,,,
方块,Block of Redstone,,红石块,,,,,,,,
方块,Blue Ice,,蓝冰,,,,,,,,
方块,Blue Orchid,,兰花,,,,,,,,
方块,Blue Wall Banner,,墙上的蓝色旗帜,,,,,,,,
方块,Bone Block,,骨块,,,,,,,,
方块,Bookshelf,,书架,,,,,,,,
方块,Brain Coral,,脑纹珊瑚,,,,Brain,脑纹,脑纹珊瑚（Brain Coral）,,
方块,Brain Coral Block,,脑纹珊瑚块,,,,,,,,
方块,Brain Coral Fan,,脑纹珊瑚扇,,,,,,,,
方块,Brain Coral Wall Fan,,墙上的脑纹珊瑚扇,,,,,,,,
方块,Brewing Stand,,酿造台,,,,,,,,
方块,Brick Slab,,砖台阶,,,,,,,,
方块,Brick Stairs,,砖楼梯,,,,,,,,
方块,Brick Wall,,砖块墙,,,,,,,,
方块,Bricks,,砖块,,,,,,,,
方块,Brown Mushroom,,棕色蘑菇,,,,,,,,
方块,Brown Mushroom Block,,棕色蘑菇方块,,,,,,,,
方块,Brown Wall Banner,,墙上的棕色旗帜,,,,,,,,
方块,Bubble Column,,气泡柱,,,,,,,,
方块,Bubble Coral,,气泡珊瑚,,,,,,,,
方块,Bubble Coral Block,,气泡珊瑚块,,,,,,,,
方块,Bubble Coral Fan,,气泡珊瑚扇,,,,,,,,
方块,Bubble Coral Wall Fan,,墙上的气泡珊瑚扇,,,,,,,,
方块,Budding Amethyst,,紫水晶母岩,,,,Budding,母岩,紫水晶母岩（Budding Amethyst）,,
方块,Button,,按钮,,,,,,,,
方块,Cactus,,仙人掌,,,,,,,,
方块,Cake,,蛋糕,,,,,,,,
方块,Cake With Black Candle,,插上黑色蜡烛的蛋糕,,,,Black,黑色,,,
方块,Cake With Blue Candle,,插上蓝色蜡烛的蛋糕,,,,Blue,蓝色,,,
方块,Cake With Brown Candle,,插上棕色蜡烛的蛋糕,,,,Brown,棕色,,,
方块,Cake With Candle,Candle Cake,插上蜡烛的蛋糕,,,,,,,,
方块,Cake With Cyan Candle,,插上青色蜡烛的蛋糕,,,,Cyan,青色,,,
方块,Cake With Gray Candle,,插上灰色蜡烛的蛋糕,,,,Gray,灰色,,,
方块,Cake With Green Candle,,插上绿色蜡烛的蛋糕,,,,Green,绿色,,,
方块,Cake With Light Blue Candle,,插上淡蓝色蜡烛的蛋糕,,,,Light Blue,淡蓝色,,,
方块,Cake With Light Gray Candle,,插上淡灰色蜡烛的蛋糕,,,,Light Gray,淡灰色,,,
方块,Cake With Lime Candle,,插上黄绿色蜡烛的蛋糕,,,,Lime,黄绿色,,,
方块,Cake With Magenta Candle,,插上品红色蜡烛的蛋糕,,,,Magenta,品红色,,,
方块,Cake With Orange Candle,,插上橙色蜡烛的蛋糕,,,,Orange,橙色,,,
方块,Cake With Pink Candle,,插上粉红色蜡烛的蛋糕,,,,Pink,粉红色,,,
方块,Cake With Purple Candle,,插上紫色蜡烛的蛋糕,,,,Purple,紫色,,,
方块,Cake With Red Candle,,插上红色蜡烛的蛋糕,,,,Red,红色,,,
方块,Cake With White Candle,,插上白色蜡烛的蛋糕,,,,White,白色,,,
方块,Cake With Yellow Candle,,插上黄色蜡烛的蛋糕,,,,Yellow,黄色,,,
方块,Calcite,,方解石,,,,,,,,
方块,Campfire,,营火,,,,,,,,
方块,Carpet,,地毯,,,,,,,,
方块,Carrots,,胡萝卜,,,,,,,,
方块,Cartography Table,,制图台,,,,Table,台,工作台（Crafting Table），附魔台（Enchanting Table）,,
方块,Carved Pumpkin,,雕刻过的南瓜,,,,Carved,雕刻过的,雕刻过的南瓜（Carved Pumpkin）,,
方块,Cauldron,,炼药锅,,,,,,,,
方块,Cave Air,,洞穴空气,,,,,,,,
方块,Cave Vines,,洞穴藤蔓,,,,,,,,
方块,Cave Vines Plant,,洞穴藤蔓植株,,,,Plant,植株,紫颂植株（Chorus Plant），海带植株（Kelp Plant），缠怨藤植株，垂泪藤植株，洞穴藤蔓植株,,
方块,Chain,,锁链,,,,,,,,
方块,Chain Command Block,,连锁型命令方块,,,,,,,,
方块,Chalkboard,,黑板,,,,,,,,
方块,Chest,,箱子,,,,,,,,
方块,Chipped Anvil,,开裂的铁砧,,,,,,,,
方块,Chiseled Deepslate,,錾制深板岩,,,,Chiseled,錾制,"錾制砂岩（Chiseled Sandstone）,錾制石英块，錾制石砖，錾制磨制黑石",,
方块,Chiseled Nether Bricks,,錾制下界砖块,,,,,,,,
方块,Chiseled Polished Blackstone,,錾制磨制黑石,,,,,,,,
方块,Chiseled Quartz Block,,錾制石英块,,,,,,,,
方块,Chiseled Red Sandstone,,錾制红砂岩,,,,,,,,
方块,Chiseled Sandstone,,錾制砂岩,,,,,,,,
方块,Chiseled Stone Bricks,,錾制石砖,,,,,,,,
方块,Chorus Flower,,紫颂花,,,,,,,,
方块,Chorus Plant,,紫颂植株,,,,,,,,
方块,Clay,,黏土块,,,,,,,,
方块,Coal Ore,,煤矿石,,,,,,,,
方块,Coarse Dirt,,砂土,,,,,,,,
方块,Cobbled Deepslate,,深板岩圆石,,,,,,,,
方块,Cobbled Deepslate Slab,,深板岩圆石台阶,,,,,,,,
方块,Cobbled Deepslate Stairs,,深板岩圆石楼梯,,,,,,,,
方块,Cobbled Deepslate Wall,,深板岩圆石墙,,,,,,,,
方块,Cobblestone,,圆石,,,,,,,,
方块,Cobblestone Slab,,圆石台阶,,,,,,,,
方块,Cobblestone Stairs,,圆石楼梯,,,,,,,,
方块,Cobblestone Wall,,圆石墙,,,,,,,,
方块,Cobweb,,蜘蛛网,,,,,,,,
方块,Cocoa,,可可果,,,,,,,,
方块,Cog,,齿轮,,,,,,,,
方块,Colored Terracotta,Dyed Terracotta,染色陶瓦,,,,Colored,染色,染色陶瓦（Colored Terracotta），染色木板,,
方块,Colored Wood Planks,,染色木板,,,,,,,,
方块,Command Block,,命令方块,,,,,,,,
方块,Composter,,堆肥桶,,,,,,,,
方块,Concrete,,混凝土,,,,,,,,
方块,Concrete Powder,,混凝土粉末,,,,,,,,
方块,Conduit,,潮涌核心,,,,,,,,
方块,Copper Ore,,铜矿石,,,,,,,,
方块,Coral,,珊瑚,,,,,,,,
方块,Coral Block,Coral Blocks,珊瑚块,,,,,,,,
方块,Coral Fan,Coral Fans,珊瑚扇,,,,,,,,
方块,Cornflower,,矢车菊,,,,,,,,
方块,Cracked Deepslate Bricks,,裂纹深板岩砖,,,,Cracked,裂纹,裂纹深板岩砖（Cracked Deepslate Bricks）,,
方块,Cracked Deepslate Tiles,,裂纹深板岩瓦,,,,,,,,
方块,Cracked Nether Bricks,,裂纹下界砖块,,,,,,,,
方块,Cracked Polished Blackstone Bricks,,裂纹磨制黑石砖,,,,,,,,
方块,Cracked Stone Bricks,,裂纹石砖,,,,,,,,
方块,Crafting Table,,工作台,,,,,,,,
方块,Creeper Head,,苦力怕的头,,,,,,,,
方块,Creeper Wall Head,,墙上的苦力怕头颅,,,,,,,,
方块,Crimson Button,,绯红木按钮,,,,Crimson,绯红木,绯红木按钮（Crimson Button）,绯红,绯红菌（Crimson Fungus）
方块,Crimson Door,,绯红木门,,,,,,,,
方块,Crimson Fence,,绯红木栅栏,,,,,,,,
方块,Crimson Fence Gate,,绯红木栅栏门,,,,,,,,
方块,Crimson Fungus,,绯红菌,,,,,,,,
方块,Crimson Hyphae,,绯红菌核,,,,,,,,
方块,Crimson Nylium,,绯红菌岩,,,,,,,,
方块,Crimson Planks,,绯红木板,,,,,,,,
方块,Crimson Pressure Plate,,绯红木压力板,,,,,,,,
方块,Crimson Roots,,绯红菌索,,,,,,,,
方块,Crimson Sign,,绯红木告示牌,,,,,,,,
方块,Crimson Slab,,绯红木台阶,,,,,,,,
方块,Crimson Stairs,,绯红木楼梯,,,,,,,,
方块,Crimson Stem,,绯红菌柄,,,,,,,,
方块,Crimson Trapdoor,,绯红木活板门,,,,,,,,
方块,Crimson Wall Sign,,墙上的绯红木告示牌,,,,,,,,
方块,Crying Obsidian,,哭泣的黑曜石,,,,,,,,
方块,Cut Copper,,切制铜块,,,,Cut,切制,切制铜块（Cut Copper），切制砂岩（Cut Sandstone），切制铜台阶,,
方块,Cut Copper Slab,,切制铜台阶,,,,,,,,
方块,Cut Copper Stairs,,切制铜楼梯,,,,,,,,
方块,Cut Red Sandstone,,切制红砂岩,,,,,,,,
方块,Cut Red Sandstone Slab,,切制红砂岩台阶,,,,,,,,
方块,Cut Sandstone,,切制砂岩,,,,,,,,
方块,Cut Sandstone Slab,,切制砂岩台阶,,,,,,,,
方块,Cyan Flower,,青花,,,,,,,,
方块,Cyan Wall Banner,,墙上的青色旗帜,,,,,,,,
方块,Damaged Anvil,,损坏的铁砧,,,,Damaged,损坏的,损坏的铁砧（Damaged Anvil）,,
方块,Dandelion,,蒲公英,,,,,,,,
方块,Dark Oak Button,,深色橡木按钮,,,,Dark Oak,深色橡木,深色橡木按钮（Dark Oak Button），深色橡木木板（Dark Oak Planks）,深色橡树,深色橡树树苗，深色橡树树叶
方块,Dark Oak Door,,深色橡木门,,,,,,,,
方块,Dark Oak Fence,,深色橡木栅栏,,,,,,,,
方块,Dark Oak Fence Gate,,深色橡木栅栏门,,,,,,,,
方块,Dark Oak Leaves,,深色橡树树叶,,,,,,,,
方块,Dark Oak Log,,深色橡木原木,,,,,,,,
方块,Dark Oak Planks,,深色橡木木板,,,,,,,,
方块,Dark Oak Pressure Plate,,深色橡木压力板,,,,,,,,
方块,Dark Oak Sapling,,深色橡树树苗,,,,,,,,
方块,Dark Oak Sign,,深色橡木告示牌,,,,,,,,
方块,Dark Oak Slab,,深色橡木台阶,,,,,,,,
方块,Dark Oak Stairs,,深色橡木楼梯,,,,,,,,
方块,Dark Oak Trapdoor,,深色橡木活板门,,,,,,,,
方块,Dark Oak Wall Sign,,墙上的深色橡木告示牌,,,,,,,,
方块,Dark Oak Wood,,深色橡木,,,,,,,,
方块,Dark Prismarine,,暗海晶石,,,,,,,,
方块,Dark Prismarine Slab,,暗海晶石台阶,,,,,,,,
方块,Dark Prismarine Stairs,,暗海晶石楼梯,,,,,,,,
方块,Daylight Detector,Daylight Sensor,阳光探测器,,,改名前为“传感器”（Sensor）,,,,,
方块,Dead Brain Coral,,失活的脑纹珊瑚,,,,Dead,失活的,失活的脑纹珊瑚（Dead Brain Coral）,枯萎的,枯萎的灌木（Dead Bush）
方块,Dead Brain Coral Block,,失活的脑纹珊瑚块,,,,,,,,
方块,Dead Brain Coral Fan,,失活的脑纹珊瑚扇,,,,,,,,
方块,Dead Brain Coral Wall Fan,,墙上的失活脑纹珊瑚扇,,,,,,,,
方块,Dead Bubble Coral,,失活的气泡珊瑚,,,,,,,,
方块,Dead Bubble Coral Block,,失活的气泡珊瑚块,,,,,,,,
方块,Dead Bubble Coral Fan,,失活的气泡珊瑚扇,,,,,,,,
方块,Dead Bubble Coral Wall Fan,,墙上的失活气泡珊瑚扇,,,,,,,,
方块,Dead Bush,,枯萎的灌木,,,,,,,,
方块,Dead Coral,,失活的珊瑚,,,,,,,,
方块,Dead Coral Blocks,,失活的珊瑚块,,,,,,,,
方块,Dead Coral Fans,,失活的珊瑚扇,,,,,,,,
方块,Dead Fire Coral,,失活的火珊瑚,,,,,,,,
方块,Dead Fire Coral Block,,失活的火珊瑚块,,,,,,,,
方块,Dead Fire Coral Fan,,失活的火珊瑚扇,,,,,,,,
方块,Dead Fire Coral Wall Fan,,墙上的失活火珊瑚扇,,,,,,,,
方块,Dead Horn Coral,,失活的鹿角珊瑚,,,,,,,,
方块,Dead Horn Coral Block,,失活的鹿角珊瑚块,,,,,,,,
方块,Dead Horn Coral Fan,,失活的鹿角珊瑚扇,,,,,,,,
方块,Dead Horn Coral Wall Fan,,墙上的失活鹿角珊瑚扇,,,,,,,,
方块,Dead Tube Coral,,失活的管珊瑚,,,,,,,,
方块,Dead Tube Coral Block,,失活的管珊瑚块,,,,,,,,
方块,Dead Tube Coral Fan,,失活的管珊瑚扇,,,,,,,,
方块,Dead Tube Coral Wall Fan,,墙上的失活管珊瑚扇,,,,,,,,
方块,Deepslate,,深板岩,,,,,,,,
方块,Deepslate Brick Slab,,深板岩砖台阶,,,,,,,,
方块,Deepslate Brick Stairs,,深板岩砖楼梯,,,,,,,,
方块,Deepslate Brick Wall,,深板岩砖墙,,,,,,,,
方块,Deepslate Bricks,,深板岩砖,,,,,,,,
方块,Deepslate Coal Ore,,深层煤矿石,,,,Deepslate,深层,深层煤矿石（Deepslate Coal Ore），深层红石矿石,,
方块,Deepslate Copper Ore,,深层铜矿石,,,,,,,,
方块,Deepslate Diamond Ore,,深层钻石矿石,,,,,,,,
方块,Deepslate Emerald Ore,,深层绿宝石矿石,,,,,,,,
方块,Deepslate Gold Ore,,深层金矿石,,,,,,,,
方块,Deepslate Iron Ore,,深层铁矿石,,,,,,,,
方块,Deepslate Lapis Lazuli Ore,Deepslate Lapis Ore,深层青金石矿石,,,,,,,,
方块,Deepslate Redstone Ore,,深层红石矿石,,,,,,,,
方块,Deepslate Tile Slab,,深板岩瓦台阶,,,,,,,,
方块,Deepslate Tile Stairs,,深板岩瓦楼梯,,,,,,,,
方块,Deepslate Tile Wall,,深板岩瓦墙,,,,,,,,
方块,Deepslate Tiles,,深板岩瓦,,,,Tiles,瓦,深板岩瓦（Deepslate Tiles），深板岩瓦墙（Deepslate Tile Wall），完毕,,
方块,Detector Rail,,探测铁轨,,,,,,,,
方块,Diamond Ore,,钻石矿石,,,,Ore,矿石,钻石矿石（Diamond Ore），煤矿石,,
方块,Diorite,,闪长岩,,,,,,,,
方块,Diorite Bell,,闪长岩钟,,,,,,,,
方块,Diorite Slab,,闪长岩台阶,,,,,,,,
方块,Diorite Stairs,,闪长岩楼梯,,,,,,,,
方块,Diorite Wall,,闪长岩墙,,,,,,,,
方块,Dirt,,泥土,,,,,,,,
方块,Dirt Path,,土径,,,,,,,,
方块,Dispenser,,发射器,,,,,,,,
方块,Door,Doors,门,,,,,,,,
方块,Dragon Egg,,龙蛋,,,,,,,,
方块,Dragon Head,,龙首,,,,,,,,
方块,Dragon Wall Head,,墙上的龙首,,,,,,,,
方块,Dried Kelp Block,,干海带块,,,,,,,,
方块,Dripstone Block,,滴水石块,,,,,,,,
方块,Dropper,,投掷器,,,,,,,,
方块,Dye,,染料,,,,,,,,
方块,Dyed Bed,,染色床,,,,Dyed,染色,染色床（Dyed Bed）,,
方块,Dyed Carpet,,染色地毯,,,,,,,,
方块,Dyed Shulker Box,,染色潜影盒,,,,,,,,
方块,,,染色陶瓦,,,,,,,,
方块,Dyed Wool,,染色羊毛,,,,,,,,
方块,Emerald Ore,,绿宝石矿石,,,,,,,,
方块,Empty Barrel,,空木桶,,,,,,,,
方块,Enchanting Table,Enchantment Table,附魔台,,,,,,,,
方块,End Gateway,,末地折跃门,,,,,,,,
方块,End Portal,,末地传送门,,,,Portal,传送门,末地传送门（End Portal），下界传送门（Nether Portal），返回传送门,,
方块,End Portal Frame,,末地传送门框架,,,,Frame,框架,末地传送门框架（End Portal Frame）,展示框,物品展示框（Item Frame）
方块,End Rod,,末地烛,,,,,,,,
方块,End Stone,,末地石,,,,,,,,
方块,End Stone Brick Slab,,末地石砖台阶,,,,,,,,
方块,End Stone Brick Stairs,,末地石砖楼梯,,,,,,,,
方块,End Stone Brick Wall,,末地石砖墙,,,,,,,,
方块,End Stone Bricks,,末地石砖,,,,,,,,
方块,Ender Chest,,末影箱,,,,,,,,
方块,Exposed Copper,,斑驳的铜块,,,,Exposed,斑驳的,斑驳的铜块（Exposed Copper）,,
方块,Exposed Cut Copper,,斑驳的切制铜块,,,,,,,,
方块,Exposed Cut Copper Slab,,斑驳的切制铜台阶,,,,,,,,
方块,Exposed Cut Copper Stairs,,斑驳的切制铜楼梯,,,,,,,,
方块,Fake Wood Slab,,伪木台阶,,,,,,,,
方块,Farmland,,耕地,,,,,,,,
方块,Fence,,栅栏,,,,,,,,
方块,Fence Gate,,栅栏门,,,,,,,,
方块,Fern,,蕨,,,,,,,,
方块,Finished Nether Reactor Core,,耗尽的下界反应核,,,,,,,,
方块,Fire,,火,,,,,,,,
方块,Fire Coral,,火珊瑚,,,,,,,,
方块,Fire Coral Block,,火珊瑚块,,,,,,,,
方块,Fire Coral Fan,,火珊瑚扇,,,,,,,,
方块,Fire Coral Wall Fan,,墙上的火珊瑚扇,,,,,,,,
方块,Fish Barrel,,鱼木桶,,,,,,,,
方块,Fletching Table,,制箭台,,,,,,,,
方块,Flower,Flowers,花,,,,,,,,
方块,Flower Pot,,花盆,,,,,,,,
方块,Flowering Azalea,,盛开的杜鹃花丛,,,,,,,,
方块,Flowering Azalea Leaves,,盛开的杜鹃树叶,,,,,,,,
方块,Frog Spawn,,青蛙卵,,,,,,,,
方块,Frosted Ice,,霜冰,,,,,,,,
方块,Fungus,Fungi,菌类,,,,,,,,
方块,Furnace,,熔炉,,,,,,,,
方块,Furniture,,家具,,,,,,,,
方块,Gilded Blackstone,,镶金黑石,,,,Gilded,镶金,镶金黑石（Gilded Blackstone）,,
方块,Glass,,玻璃,,,,,,,,
方块,Glass Pane,,玻璃板,,,,,,,,
方块,Glazed Terracotta,,带釉陶瓦,,,,Glazed,带釉,带釉陶瓦（Glazed Terracotta）,,
方块,Glow Lichen,,发光地衣,,,,,,,,
方块,Glowstone,,荧石,,,,,,,,
方块,Gold Ore,,金矿石,,,,,,,,
方块,Granite,,花岗岩,,,,,,,,
方块,Granite Bell,,花岗岩钟,,,,,,,,
方块,Granite Slab,,花岗岩台阶,,,,,,,,
方块,Granite Stairs,,花岗岩楼梯,,,,,,,,
方块,Granite Wall,,花岗岩墙,,,,,,,,
方块,Grass,,草,,,,,,,,
方块,Grass Block,,草方块,,,,,,,,
方块,Grass Path,,草径,,,,Path,径,土径（Dirt Path），草径,,
方块,Gravel,,沙砾,,,,,,,,
方块,Gray Wall Banner,,墙上的灰色旗帜,,,,,,,,
方块,Green Wall Banner,,墙上的绿色旗帜,,,,,,,,
方块,Grindstone,,砂轮,,,,,,,,
方块,Hanging Roots,,垂根,,,,,,,,
方块,Hay Bale,,干草块,,,,Hay,干草,干草块（Hay Bale）,,
方块,Head,Mob Head,生物头颅,,,,,,,,
方块,Heavy Weighted Pressure Plate,,重质测重压力板,,,,,,,,
方块,Honey Block,,蜂蜜块,,,,,,,,
方块,Honeycomb Block,,蜜脾块,,,,,,,,
方块,Hopper,,漏斗,,,,,,,,
方块,Horn Coral,,鹿角珊瑚,,,,,,,,
方块,Horn Coral Block,,鹿角珊瑚块,,,,,,,,
方块,Horn Coral Fan,,鹿角珊瑚扇,,,,,,,,
方块,Horn Coral Wall Fan,,墙上的鹿角珊瑚扇,,,,,,,,
方块,Huge Brown Mushroom,,棕色巨型蘑菇,,,,,,,,
方块,Huge Mushrooms,,巨型蘑菇,,,,,,,,
方块,Huge Red Mushroom,,红色巨型蘑菇,,,,,,,,
方块,Hyphae,,菌核,,,,,,,,
方块,Ice,,冰,,,,,,,,
方块,Impulse Command Block,,脉冲型命令方块,,,,,,,,
方块,Infested Block,,被虫蚀的方块,,,,,,,,
方块,Infested Chiseled Stone Bricks,,被虫蚀的錾制石砖,,,,Infested,被虫蚀的,被虫蚀的石头（Infested Stone）,,
方块,Infested Cobblestone,,被虫蚀的圆石,,,,,,,,
方块,Infested Cracked Stone Bricks,,被虫蚀的裂纹石砖,,,,,,,,
方块,Infested Deepslate,,被虫蚀的深板岩,,,,,,,,
方块,Infested Mossy Stone Bricks,,被虫蚀的苔石砖,,,,,,,,
方块,Infested Stone,,被虫蚀的石头,,,,,,,,
方块,Infested Stone Bricks,,被虫蚀的石砖,,,,,,,,
方块,Initialized Nether Reactor Core,,激活的下界反应核,,,,,,,,
方块,Inverted Daylight Detector,Inverted Daylight Sensor,反向阳光探测器,,,改名前为“传感器”（Sensor）,Inverted,反向,反向阳光探测器（Inverted Daylight Detector）,,
方块,Iron Bars,,铁栏杆,,,,Bars,栏杆,铁栏杆（Iron Bars）,,
方块,Iron Door,,铁门,,,,,,,,
方块,Iron Ore,,铁矿石,,,,,,,,
方块,Iron Trapdoor,,铁活板门,,,,,,,,
方块,Jack O'lantern,,南瓜灯,,,,,,,,
方块,Jigsaw Block,,拼图方块,,,,,,,,
方块,Jukebox,,唱片机,,,,,,,,
方块,Jungle Button,,丛林木按钮,,,,Jungle,丛林木,丛林木按钮（Jungle Button），丛林木活板门（Jungle Trapdoor），等等,丛林,丛林树叶，丛林原木，丛林树苗
方块,Jungle Door,,丛林木门,,,,,,,,
方块,Jungle Fence,,丛林木栅栏,,,,,,,,
方块,Jungle Fence Gate,,丛林木栅栏门,,,,,,,,
方块,Jungle Leaves,,丛林树叶,,,,,,,,
方块,Jungle Log,,丛林原木,,,,,,,,
方块,Jungle Planks,,丛林木板,,,,,,,,
方块,Jungle Pressure Plate,,丛林木压力板,,,,,,,,
方块,Jungle Sapling,,丛林树苗,,,,,,,,
方块,Jungle Sign,,丛林木告示牌,,,,,,,,
方块,Jungle Slab,,丛林木台阶,,,,,,,,
方块,Jungle Stairs,,丛林木楼梯,,,,,,,,
方块,Jungle Trapdoor,,丛林木活板门,,,,,,,,
方块,Jungle Wall Sign,,墙上的丛林木告示牌,,,,,,,,
方块,Jungle Wood,,丛林木,,,,,,,,
方块,Kelp Plant,,海带植株,,,,,,,,
方块,Ladder,,梯子,,,,,,,,
方块,Lantern,,灯笼,,,,,,,,
方块,Lapis Lazuli Block,,青金石块,,,,,,,,
方块,Lapis Lazuli Ore,,青金石矿石,,,,,,,,
方块,Large Amethyst Bud,,大型紫晶芽,,,,,,,,
方块,Large Fern,,大型蕨,,,,,,,,
方块,Lava,,熔岩,,,,,,,,
方块,Lava Cauldron,,装有熔岩的炼药锅,,,,,,,,
方块,Leaves,,树叶,,,,,,,,
方块,Lectern,,讲台,,,,,,,,
方块,Lever,,拉杆,,,,,,,,
方块,Light,,光,,,,,,,,
方块,Light 0,,光,,,,,,,,
方块,Light 1,,光,,,,,,,,
方块,Light 10,,光,,,,,,,,
方块,Light 11,,光,,,,,,,,
方块,Light 12,,光,,,,,,,,
方块,Light 13,,光,,,,,,,,
方块,Light 14,,光,,,,,,,,
方块,Light 15,,光,,,,,,,,
方块,Light 2,,光,,,,,,,,
方块,Light 3,,光,,,,,,,,
方块,Light 4,,光,,,,,,,,
方块,Light 5,,光,,,,,,,,
方块,Light 6,,光,,,,,,,,
方块,Light 7,,光,,,,,,,,
方块,Light 8,,光,,,,,,,,
方块,Light 9,,光,,,,,,,,
方块,Light Blue Wall Banner,,墙上的淡蓝色旗帜,,,,,,,,
方块,Light Gray Wall Banner,,墙上的淡灰色旗帜,,,,,,,,
方块,Light Negative,,光,,,,,,,,
方块,Light Weighted Pressure Plate,,轻质测重压力板,,,,,,,,
方块,Lightning Rod,,避雷针,,,,,,,,
方块,Lilac,,丁香,,,,,,,,
方块,Lily of The Valley,,铃兰,,,,,,,,
方块,Lily Pad,,睡莲,,,,,,,,
方块,Lime Wall Banner,,墙上的黄绿色旗帜,,,,,,,,
方块,Lit Blast Furnace,,燃烧中的高炉,,,,,,,,
方块,Lit Deepslate Redstone Ore,,点亮的深层红石矿石,,,,,,,,
方块,Lit Furnace,,燃烧中的熔炉,,,,,,,,
方块,Lit Redstone Lamp,,点亮的红石灯,,,,,,,,
方块,Lit Redstone Ore,,点亮的红石矿石,,,,,,,,
方块,Lit Smoker,,燃烧中的烟熏炉,,,,,,,,
方块,Locked Chest,,上锁的箱子,,,,Locked,上锁的,上锁的箱子（Locked Chest）,已锁定的,已锁定的地图（Locked Map）
方块,Lodestone,,磁石,,,,,,,,
方块,Log,,原木,,,,,,,,
方块,Loom,,织布机,,,,,,,,
方块,Magenta Wall Banner,,墙上的品红色旗帜,,,,,,,,
方块,Magma Block,,岩浆块,,,,Magma,岩浆,岩浆膏（Magma Cream）,,
方块,Medium Amethyst Bud,,中型紫晶芽,,,,,,,,
方块,Melon,,西瓜,,,,,,,,
方块,Melon Stem,,西瓜茎,,,,Stem,茎,西瓜茎（Melon Stem），大型垂滴叶茎（Big Dripleaf Stem）,柄,蘑菇柄（Mushroom Stem），
方块,Moss Block,,苔藓块,,,,,,,,
方块,Moss Carpet,,苔藓地毯,,,,,,,,
方块,Mossy Cobblestone,Moss Stone,苔石,,,,,,,,
方块,Mossy Cobblestone Slab,,苔石台阶,,,,,,,,
方块,Mossy Cobblestone Stairs,,苔石楼梯,,,,,,,,
方块,Mossy Cobblestone Wall,,苔石墙,,,,,,,,
方块,Mossy Stone Brick Slab,,苔石砖台阶,,,,,,,,
方块,Mossy Stone Brick Stairs,,苔石砖楼梯,,,,,,,,
方块,Mossy Stone Brick Wall,,苔石砖墙,,,,,,,,
方块,Mossy Stone Bricks,,苔石砖,,,,,,,,
方块,Moving Block,,移动的方块,,,,,,,,
方块,Moving Piston,,移动的活塞,,,,,,,,
方块,Mushroom,,蘑菇,,,,,,,,
方块,Mushroom Block,,蘑菇方块,,,,,,,,
方块,Mushroom Stem,,蘑菇柄,,,,,,,,
方块,Mycelium,,菌丝,,,,,,,,
方块,Nether Brick Fence,,下界砖栅栏,,,,,,,,
方块,Nether Brick Slab,,下界砖台阶,,,,,,,,
方块,Nether Brick Stairs,,下界砖楼梯,,,,,,,,
方块,Nether Brick Wall,,下界砖墙,,,,,,,,
方块,Nether Bricks,,下界砖块,,,,,,,,
方块,Nether Gold Ore,,下界金矿石,,,,,,,,
方块,Nether Planks,,下界木板,,,,,,,,
方块,Nether Portal,,下界传送门,,,,,,,,
方块,Nether Quartz Ore,,下界石英矿石,,,,,,,,
方块,Nether Sprouts,,下界苗,,,,,,,,
方块,Nether Wart,,下界疣,,,,,,,,
方块,Nether Wart Block,,下界疣块,,,,,,,,
方块,Nether Wood Fence,,下界木质栅栏,,,,,,,,
方块,Nether Wood Slab,,下界木质台阶,,,,,,,,
方块,Netherrack,,下界岩,,,,,,,,
方块,Note Block,,音符盒,,,,,,,,
方块,Nylium,,菌岩,,,,,,,,
方块,Oak Button,,橡木按钮,,,,Oak,橡木,橡木按钮（Oak Button）,橡树,橡树树叶，橡树树苗
方块,Oak Door,,橡木门,,,,,,,,
方块,Oak Fence,,橡木栅栏,,,,,,,,
方块,Oak Fence Gate,,橡木栅栏门,,,,,,,,
方块,Oak Leaves,,橡树树叶,,,,,,,,
方块,Oak Log,,橡木原木,,,,,,,,
方块,Oak Planks,,橡木木板,,,,,,,,
方块,Oak Pressure Plate,,橡木压力板,,,,,,,,
方块,Oak Sapling,,橡树树苗,,,,,,,,
方块,Oak Sign,,橡木告示牌,,,,,,,,
方块,Oak Slab,,橡木台阶,,,,,,,,
方块,Oak Stairs,,橡木楼梯,,,,,,,,
方块,Oak Trapdoor,,橡木活板门,,,,,,,,
方块,Oak Wall Sign,,墙上的橡木告示牌,,,,,,,,
方块,Oak Wood,,橡木,,,,,,,,
方块,Observer,,侦测器,,,,,,,,
方块,Obsidian,,黑曜石,,,,,,,,
方块,Ominous Banner,,灾厄旗帜,,,,,,,,
方块,Orange Tulip,,橙色郁金香,,,,,,,,
方块,Orange Wall Banner,,墙上的橙色旗帜,,,,,,,,
方块,Overworld Log,,主世界原木,,,,,,,,
方块,Overworld Planks,,主世界木板,,,,,,,,
方块,Overworld Stripped Log,,主世界去皮原木,,,,,,,,
方块,Overworld Stripped Wood,,主世界去皮木头,,,,,,,,
方块,Overworld Wood,,主世界木头,,,,,,,,
方块,Overworld Wood Fence,,主世界木质栅栏,,,,,,,,
方块,Overworld Wood Slab,,主世界木质台阶,,,,,,,,
方块,Oxeye Daisy,,滨菊,,,,,,,,
方块,Oxidized Copper,,氧化的铜块,,,,Oxidized,氧化的,氧化的铜块（Oxidized Copper）,,
方块,Oxidized Cut Copper,,氧化的切制铜块,,,,,,,,
方块,Oxidized Cut Copper Slab,,氧化的切制铜台阶,,,,,,,,
方块,Oxidized Cut Copper Stairs,,氧化的切制铜楼梯,,,,,,,,
方块,Packed Ice,,浮冰,,,,,,,,
方块,Peony,,牡丹,,,,,,,,
方块,Petrified Oak Slab,,石化橡木台阶,,,,,,,,
方块,Pink Tulip,,粉红色郁金香,,,,,,,,
方块,Pink Wall Banner,,墙上的粉红色旗帜,,,,,,,,
方块,Piston,,活塞,,,,,,,,
方块,Piston Head,,活塞头,,,,,,,,
方块,Plank,Wooden Planks,木板,,,,,,,,
方块,Player Head,,玩家头颅,,,,,,,,
方块,Player Wall Head,,墙上的玩家头颅,,,,,,,,
方块,Podzol,,灰化土,,,,,,,,
方块,Pointed Dripstone,,滴水石锥,,,,,,,,
方块,Polished Andesite,,磨制安山岩,,,,Polished,磨制,磨制安山岩（Polished Andesite），磨制黑石,,
方块,Polished Andesite Slab,,磨制安山岩台阶,,,,,,,,
方块,Polished Andesite Stairs,,磨制安山岩楼梯,,,,,,,,
方块,Polished Basalt,,磨制玄武岩,,,,,,,,
方块,Polished Blackstone,,磨制黑石,,,,,,,,
方块,Polished Blackstone Brick Slab,,磨制黑石砖台阶,,,,,,,,
方块,Polished Blackstone Brick Stairs,,磨制黑石砖楼梯,,,,,,,,
方块,Polished Blackstone Brick Wall,,磨制黑石砖墙,,,,,,,,
方块,Polished Blackstone Bricks,,磨制黑石砖,,,,,,,,
方块,Polished Blackstone Button,,磨制黑石按钮,,,,,,,,
方块,Polished Blackstone Pressure Plate,,磨制黑石压力板,,,,,,,,
方块,Polished Blackstone Slab,,磨制黑石台阶,,,,,,,,
方块,Polished Blackstone Stairs,,磨制黑石楼梯,,,,,,,,
方块,Polished Blackstone Wall,,磨制黑石墙,,,,,,,,
方块,Polished Deepslate,,磨制深板岩,,,,,,,,
方块,Polished Deepslate Slab,,磨制深板岩台阶,,,,,,,,
方块,Polished Deepslate Stairs,,磨制深板岩楼梯,,,,,,,,
方块,Polished Deepslate Wall,,磨制深板岩墙,,,,,,,,
方块,Polished Diorite,,磨制闪长岩,,,,,,,,
方块,Polished Diorite Slab,,磨制闪长岩台阶,,,,,,,,
方块,Polished Diorite Stairs,,磨制闪长岩楼梯,,,,,,,,
方块,Polished Granite,,磨制花岗岩,,,,,,,,
方块,Polished Granite Bell,,磨制花岗岩钟,,,,,,,,
方块,Polished Granite Slab,,磨制花岗岩台阶,,,,,,,,
方块,Polished Granite Stairs,,磨制花岗岩楼梯,,,,,,,,
方块,Poppy,,虞美人,,,,,,,,
方块,Potatoes,,马铃薯,,,,,,,,
方块,Potted Acacia Sapling,,金合欢树苗盆栽,,,,Potted,盆栽,绒球葱盆栽（Potted Allium），橡树树苗盆栽（Potted Oak Sapling）,,
方块,Potted Allium,,绒球葱盆栽,,,,,,,,
方块,Potted Azalea,,杜鹃花丛盆栽,,,,,,,,
方块,Potted Azure Bluet,,蓝花美耳草盆栽,,,,,,,,
方块,Potted Bamboo,,竹子盆栽,,,,,,,,
方块,Potted Birch Sapling,,白桦树苗盆栽,,,,,,,,
方块,Potted Blue Orchid,,兰花盆栽,,,,,,,,
方块,Potted Brown Mushroom,,棕色蘑菇盆栽,,,,,,,,
方块,Potted Cactus,,仙人掌盆栽,,,,,,,,
方块,Potted Cornflower,,矢车菊盆栽,,,,,,,,
方块,Potted Crimson Fungus,,绯红菌盆栽,,,,,,,,
方块,Potted Crimson Roots,,绯红菌索盆栽,,,,,,,,
方块,Potted Dandelion,,蒲公英盆栽,,,,,,,,
方块,Potted Dark Oak Sapling,,深色橡树树苗盆栽,,,,,,,,
方块,Potted Dead Bush,,枯萎的灌木盆栽,,,,,,,,
方块,Potted Fern,,蕨盆栽,,,,,,,,
方块,Potted Flowering Azalea,,盛开的杜鹃花丛盆栽,,,,,,,,
方块,Potted Jungle Sapling,,丛林树苗盆栽,,,,,,,,
方块,Potted Lily of The Valley,,铃兰盆栽,,,,,,,,
方块,Potted Oak Sapling,,橡树树苗盆栽,,,,,,,,
方块,Potted Orange Tulip,,橙色郁金香盆栽,,,,,,,,
方块,Potted Oxeye Daisy,,滨菊盆栽,,,,,,,,
方块,Potted Pink Tulip,,粉红色郁金香盆栽,,,,,,,,
方块,Potted Poppy,,虞美人盆栽,,,,,,,,
方块,Potted Red Mushroom,,红色蘑菇盆栽,,,,,,,,
方块,Potted Red Tulip,,红色郁金香盆栽,,,,,,,,
方块,Potted Spruce Sapling,,云杉树苗盆栽,,,,,,,,
方块,Potted Warped Fungus,,诡异菌盆栽,,,,,,,,
方块,Potted Warped Roots,,诡异菌索盆栽,,,,,,,,
方块,Potted White Tulip,,白色郁金香盆栽,,,,,,,,
方块,Potted Wither Rose,,凋零玫瑰盆栽,,,,,,,,
方块,Powder Snow,,细雪,,,,,,,,
方块,Powder Snow Cauldron,,装有细雪的炼药锅,,,,,,,,
方块,Powered Rail,,动力铁轨,,,,,,,,
方块,Powered Redstone Comparator,,激活的红石比较器,,,,,,,,
方块,Powered Redstone Repeater,,激活的红石中继器,,,,,,,,
方块,Pressure Plate,,压力板,,,,,,,,
方块,Prismarine,,海晶石,,,,,,,,
方块,Prismarine Brick Slab,,海晶石砖台阶,,,,,,,,
方块,Prismarine Brick Stairs,,海晶石砖楼梯,,,,,,,,
方块,Prismarine Bricks,,海晶石砖,,,,,,,,
方块,Prismarine Slab,,海晶石台阶,,,,,,,,
方块,Prismarine Stairs,,海晶石楼梯,,,,,,,,
方块,Prismarine Wall,,海晶石墙,,,,,,,,
方块,Pumpkin,,南瓜,,,,,,,,
方块,Pumpkin Stem,,南瓜茎,,,,,,,,
方块,Purple Wall Banner,,墙上的紫色旗帜,,,,,,,,
方块,Purpur Block,,紫珀块,,,,Purpur,紫珀,紫珀块（Purpur Block），紫珀台阶,,
方块,Purpur Pillar,,紫珀柱,,,,,,,,
方块,Purpur Slab,,紫珀台阶,,,,,,,,
方块,Purpur Stairs,,紫珀楼梯,,,,,,,,
方块,Quartz Bricks,,石英砖,,,,,,,,
方块,Quartz Pillar,,石英柱,,,,,,,,
方块,Quartz Slab,,石英台阶,,,,,,,,
方块,Quartz Stairs,,石英楼梯,,,,,,,,
方块,Rail,,铁轨,,,,,,,,
方块,Red Mushroom,,红色蘑菇,,,,,,,,
方块,Red Mushroom Block,,红色蘑菇方块,,,,,,,,
方块,Red Nether Brick Slab,,红色下界砖台阶,,,,,,,,
方块,Red Nether Brick Stairs,,红色下界砖楼梯,,,,,,,,
方块,Red Nether Brick Wall,,红色下界砖墙,,,,,,,,
方块,Red Nether Bricks,,红色下界砖块,,,,,,,,
方块,Red Sand,,红沙,,,,,,,,
方块,Red Sandstone,,红砂岩,,,,,,,,
方块,Red Sandstone Slab,,红砂岩台阶,,,,,,,,
方块,Red Sandstone Stairs,,红砂岩楼梯,,,,,,,,
方块,Red Sandstone Wall,,红砂岩墙,,,,,,,,
方块,Red Tulip,,红色郁金香,,,,,,,,
方块,Red Wall Banner,,墙上的红色旗帜,,,,,,,,
方块,Redstone Comparator,,红石比较器,,,,,,,,
方块,Redstone Lamp,,红石灯,,,,,,,,
方块,Redstone Ore,,红石矿石,,,,,,,,
方块,Redstone Repeater,,红石中继器,,,,,,,,
方块,Redstone Torch,,红石火把,,,,,,,,
方块,Redstone Wall Torch,,墙上的红石火把,,,,,,,,
方块,Redstone Wire,,红石线,,,,,,,,
方块,Repeating Command Block,,循环型命令方块,,,,,,,,
方块,Respawn Anchor,,重生锚,,,,,,,,
方块,Rooted Dirt,,缠根泥土,,,,,,,,
方块,Roots,,菌索,,,,,,,,
方块,Rose,,玫瑰,,,,,,,,
方块,Rose Bush,,玫瑰丛,,,,,,,,
方块,Sand,,沙子,,,,,,,,
方块,Sandstone,,砂岩,,,,,,,,
方块,Sandstone Slab,,砂岩台阶,,,,,,,,
方块,Sandstone Stairs,,砂岩楼梯,,,,,,,,
方块,Sandstone Wall,,砂岩墙,,,,,,,,
方块,Sapling,,树苗,,,,,,,,
方块,Scaffolding,,脚手架,,,,,,,,
方块,Sea Lantern,,海晶灯,,,,,,,,
方块,Sea Pickle,,海泡菜,,,,,,,,
方块,Seagrass,,海草,,,,,,,,
方块,Shroomlight,,菌光体,,,,,,,,
方块,Shulker Box,,潜影盒,,,,,,,,
方块,Sign,,告示牌,,,,,,,,
方块,Skeleton Skull,,骷髅头颅,,,,,,,,
方块,Skeleton Wall Skull,,墙上的骷髅头颅,,,,,,,,
方块,Slab,Slabs,台阶,,,,,,,,
方块,Slightly Damaged Anvil,,轻微损坏的铁砧,,,,,,,,
方块,Slime Block,,黏液块,,,,Slime,黏液,黏液块（Slime Block），黏液球（Slimeball）,,
方块,Small Amethyst Bud,,小型紫晶芽,,,,,,,,
方块,Small Dripleaf,,小型垂滴叶,,,,,,,,
方块,Smithing Table,,锻造台,,,,,,,,
方块,Smoker,,烟熏炉,,,,,,,,
方块,Smooth Basalt,,平滑玄武岩,,,,,,,,
方块,Smooth Quartz,Smooth Quartz Block,平滑石英块,,,,Smooth,平滑,平滑石英块（Smooth Quartz），平滑红砂岩，平滑石头,,
方块,Smooth Quartz Slab,,平滑石英台阶,,,,,,,,
方块,Smooth Quartz Stairs,,平滑石英楼梯,,,,,,,,
方块,Smooth Red Sandstone,,平滑红砂岩,,,,,,,,
方块,Smooth Red Sandstone Slab,,平滑红砂岩台阶,,,,,,,,
方块,Smooth Red Sandstone Stairs,,平滑红砂岩楼梯,,,,,,,,
方块,Smooth Sandstone,,平滑砂岩,,,,,,,,
方块,Smooth Sandstone Slab,,平滑砂岩台阶,,,,,,,,
方块,Smooth Sandstone Stairs,,平滑砂岩楼梯,,,,,,,,
方块,Smooth Stone,,平滑石头,,,,,,,,
方块,Smooth Stone Slab,,平滑石头台阶,,,,,,,,
方块,Snow,,雪,,,,,,,,
方块,Snow Block,,雪块,,,,,,,,
方块,Soul Campfire,,灵魂营火,,,,,,,,
方块,Soul Fire,,灵魂火,,,,,,,,
方块,Soul Lantern,,灵魂灯笼,,,,,,,,
方块,Soul Sand,,灵魂沙,,,,,,,,
方块,Soul Soil,,灵魂土,,,,,,,,
方块,Soul Torch,,灵魂火把,,,,,,,,
方块,Soul Wall Torch,,墙上的灵魂火把,,,,,,,,
方块,Spawner,,刷怪笼,,,,,,,,
方块,Sponge,,海绵,,,,,,,,
方块,Spore Blossom,,孢子花,,,,,,,,
方块,Spruce Button,,云杉木按钮,,,,Spruce,云杉木,云杉木按钮（Spruce Button），云杉木板,云杉,云杉树叶，云杉原木，云杉树苗
方块,Spruce Door,,云杉木门,,,,,,,,
方块,Spruce Fence,,云杉木栅栏,,,,,,,,
方块,Spruce Fence Gate,,云杉木栅栏门,,,,,,,,
方块,Spruce Leaves,,云杉树叶,,,,,,,,
方块,Spruce Log,,云杉原木,,,,,,,,
方块,Spruce Planks,,云杉木板,,,,,,,,
方块,Spruce Pressure Plate,,云杉木压力板,,,,,,,,
方块,Spruce Sapling,,云杉树苗,,,,,,,,
方块,Spruce Sign,,云杉木告示牌,,,,,,,,
方块,Spruce Slab,,云杉木台阶,,,,,,,,
方块,Spruce Stairs,,云杉木楼梯,,,,,,,,
方块,Spruce Trapdoor,,云杉木活板门,,,,,,,,
方块,Spruce Wall Sign,,墙上的云杉木告示牌,,,,,,,,
方块,Spruce Wood,,云杉木,,,,,,,,
方块,Stained Glass,,染色玻璃,,,,,,,,
方块,Stained Glass Pane,,染色玻璃板,,,,,,,,
方块,Stairs,,楼梯,,,,,,,,
方块,Stem,,菌柄,,,,,,,,
方块,Sticky Piston,,黏性活塞,,,,,,,,
方块,Stone,,石头,,,,,,,,
方块,Stone Brick Slab,Stone Bricks Slab,石砖台阶,,,,,,,,
方块,Stone Brick Stairs,,石砖楼梯,,,,,,,,
方块,Stone Brick Wall,,石砖墙,,,,,,,,
方块,Stone Bricks,,石砖,,,,,,,,
方块,Stone Button,,石头按钮,,,,,,,,
方块,Stone Pressure Plate,,石头压力板,,,,,,,,
方块,Stone Slab,,石头台阶,,,,,,,,
方块,Stone Stairs,,石头楼梯,,,,,,,,
方块,Stone Tier Block,,类圆石方块,,,,,,,,
方块,Stonecutter,,切石机,,,,,,,,
方块,Stripped Acacia Log,,去皮金合欢原木,,,,Stripped,去皮,去皮金合欢原木（Stripped Acacia Log）,,
方块,Stripped Acacia Wood,,去皮金合欢木,,,,,,,,
方块,Stripped Birch Log,,去皮白桦原木,,,,,,,,
方块,Stripped Birch Wood,,去皮白桦木,,,,,,,,
方块,Stripped Crimson Hyphae,,去皮绯红菌核,,,,,,,,
方块,Stripped Crimson Stem,,去皮绯红菌柄,,,,,,,,
方块,Stripped Dark Oak Log,,去皮深色橡木原木,,,,,,,,
方块,Stripped Dark Oak Wood,,去皮深色橡木,,,,,,,,
方块,Stripped Hyphae,,去皮菌核,,,,,,,,
方块,Stripped Jungle Log,,去皮丛林原木,,,,,,,,
方块,Stripped Jungle Wood,,去皮丛林木,,,,,,,,
方块,Stripped Log,,去皮原木,,,,,,,,
方块,Stripped Oak Log,,去皮橡木原木,,,,,,,,
方块,Stripped Oak Wood,,去皮橡木,,,,,,,,
方块,Stripped Spruce Log,,去皮云杉原木,,,,,,,,
方块,Stripped Spruce Wood,,去皮云杉木,,,,,,,,
方块,Stripped Stem,,去皮菌柄,,,,,,,,
方块,Stripped Warped Hyphae,,去皮诡异菌核,,,,,,,,
方块,Stripped Warped Stem,,去皮诡异菌柄,,,,,,,,
方块,Stripped Wood,,去皮木头,,,,,,,,
方块,Structure Block,,结构方块,,,,,,,,
方块,Structure Void,,结构空位,,,,,,,,
方块,Sugar Cane,,甘蔗,,,,,,,,
方块,Sunflower,,向日葵,,,,,,,,
方块,Sweet Berry Bush,,甜浆果丛,,,,,,,,
方块,Tall Grass,,高草丛,,,,,,,,
方块,Tall Seagrass,,高海草,,,,,,,,
方块,Target,,标靶,,,,,,,,
方块,Terracotta,,陶瓦,,,,,,,,
方块,Tinted Glass,,遮光玻璃,,,,,,,,
方块,Tnt,,TNT,,,,,,,,
方块,Torch,,火把,,,,,,,,
方块,Trapdoor,,活板门,,,,,,,,
方块,Trapped Chest,,陷阱箱,,,,,,,,
方块,Tripwire,,绊线,,,,,,,,
方块,Tripwire Hook,,绊线钩,,,,,,,,
方块,Tube Coral,,管珊瑚,,,,,,,,
方块,Tube Coral Block,,管珊瑚块,,,,,,,,
方块,Tube Coral Fan,,管珊瑚扇,,,,,,,,
方块,Tube Coral Wall Fan,,墙上的管珊瑚扇,,,,,,,,
方块,Tuff,,凝灰岩,,,,,,,,
方块,Tulips,,郁金香,,,,,,,,
方块,Turtle Egg,,海龟蛋,,,,,,,,
方块,Twisting Vines,,缠怨藤,,,,,,,,
方块,Twisting Vines Plant,,缠怨藤植株,,,,,,,,
方块,Unlit Redstone Torch,,熄灭的红石火把,,,,,,,,
方块,Unpowered Redstone Comparator,,未激活的红石比较器,,,,Unpowered,未激活的,未激活的红石比较器（Unpowered Redstone Comparator），未激活的红石中继器,,
方块,Unpowered Redstone Repeater,,未激活的红石中继器,,,,,,,,
方块,Very Damaged Anvil,,严重损坏的铁砧,,,,,,,,
方块,Vines,,藤蔓,,,,,,,,
方块,Void Air,,虚空空气,,,,,,,,
方块,Wall,,墙,,,,,,,,
方块,Wall Banner,,墙上的旗帜,,,,,,,,
方块,Wall Torch,,墙上的火把,,,,,,,,
方块,Warped Button,,诡异木按钮,,,,Warped,诡异木,诡异木板（Warped Planks），诡异木门（Warped Door），诡异菌柄（Warped Stem），诡异疣块（Warped Wart Block）,诡异,诡异菌（Warped Fungus）
方块,Warped Door,,诡异木门,,,,,,,,
方块,Warped Fence,,诡异木栅栏,,,,,,,,
方块,Warped Fence Gate,,诡异木栅栏门,,,,,,,,
方块,Warped Fungus,,诡异菌,,,,,,,,
方块,Warped Hyphae,,诡异菌核,,,,,,,,
方块,Warped Nylium,,诡异菌岩,,,,,,,,
方块,Warped Planks,,诡异木板,,,,,,,,
方块,Warped Pressure Plate,,诡异木压力板,,,,,,,,
方块,Warped Roots,,诡异菌索,,,,,,,,
方块,Warped Sign,,诡异木告示牌,,,,,,,,
方块,Warped Slab,,诡异木台阶,,,,,,,,
方块,Warped Stairs,,诡异木楼梯,,,,,,,,
方块,Warped Stem,,诡异菌柄,,,,,,,,
方块,Warped Trapdoor,,诡异木活板门,,,,,,,,
方块,Warped Wall Sign,,墙上的诡异木告示牌,,,,,,,,
方块,Warped Wart Block,,诡异疣块,,,,,,,,
方块,Water,,水,,,,,,,,
方块,Water Cauldron,,装有水的炼药锅,,,,,,,,
方块,Wax Block,,蜂蜡块,,,,,,,,
方块,Waxed Block of Copper,,涂蜡铜块,,,,Waxed,涂蜡,涂蜡铜块（Waxed Block of Copper）,,
方块,Waxed Cut Copper,,涂蜡切制铜块,,,,,,,,
方块,Waxed Cut Copper Slab,,涂蜡切制铜台阶,,,,,,,,
方块,Waxed Cut Copper Stairs,,涂蜡切制铜楼梯,,,,,,,,
方块,Waxed Exposed Copper,,斑驳的涂蜡铜块,,,,,,,,
方块,Waxed Exposed Cut Copper,,斑驳的涂蜡切制铜块,,,,,,,,
方块,Waxed Exposed Cut Copper Slab,,斑驳的涂蜡切制铜台阶,,,,,,,,
方块,Waxed Exposed Cut Copper Stairs,,斑驳的涂蜡切制铜楼梯,,,,,,,,
方块,Waxed Oxidized Copper,,氧化的涂蜡铜块,,,,,,,,
方块,Waxed Oxidized Cut Copper,,氧化的涂蜡切制铜块,,,,,,,,
方块,Waxed Oxidized Cut Copper Slab,,氧化的涂蜡切制铜台阶,,,,,,,,
方块,Waxed Oxidized Cut Copper Stairs,,氧化的涂蜡切制铜楼梯,,,,,,,,
方块,Waxed Weathered Copper,,锈蚀的涂蜡铜块,,,,,,,,
方块,Waxed Weathered Cut Copper,,锈蚀的涂蜡切制铜块,,,,,,,,
方块,Waxed Weathered Cut Copper Slab,,锈蚀的涂蜡切制铜台阶,,,,,,,,
方块,Waxed Weathered Cut Copper Stairs,,锈蚀的涂蜡切制铜楼梯,,,,,,,,
方块,Weathered Copper,,锈蚀的铜块,,,,Weathered,锈蚀的,锈蚀的铜块（Weathered Copper）,,
方块,Weathered Cut Copper,,锈蚀的切制铜块,,,,,,,,
方块,Weathered Cut Copper Slab,,锈蚀的切制铜台阶,,,,,,,,
方块,Weathered Cut Copper Stairs,,锈蚀的切制铜楼梯,,,,,,,,
方块,Weeping Vines,,垂泪藤,,,,,,,,
方块,Weeping Vines Plant,,垂泪藤植株,,,,,,,,
方块,Weighted Pressure Plate,,测重压力板,,,,Weighted,测重,测重压力板（Weighted Pressure Plate）,,
方块,Wet Sponge,,湿海绵,,,,,,,,
方块,Wheat,Wheat Crops,小麦,,,,,,,,
方块,White Tulip,,白色郁金香,,,,,,,,
方块,White Wall Banner,,墙上的白色旗帜,,,,,,,,
方块,Wither Rose,,凋零玫瑰,,,,,,,,
方块,Wither Skeleton Skull,,凋灵骷髅头颅,,,,,,,,
方块,Wither Skeleton Wall Skull,,墙上的凋灵骷髅头颅,,,,,,,,
方块,Wood,,木头,,,,,,,,
方块,Wood Fence,Wooden Fence,木质栅栏,,,,,,,,
方块,Wood Slab,Wooden Slab,木质台阶,,,,,,,,
方块,Wood Stairs,Wooden Stairs,木质楼梯,,,,,,,,
方块,Wooden Button,,木质按钮,,,,,,,,
方块,Wooden Door,,木门,,,,,,,,
方块,Wooden Pressure Plate,,木质压力板,,,,,,,,
方块,Wooden Trapdoor,,木质活板门,,,,,,,,
方块,Wool,,羊毛,,,,,,,,
方块,Yellow Wall Banner,,墙上的黄色旗帜,,,,,,,,
方块,Zombie Head,,僵尸的头,,,,,,,,
方块,Zombie Wall Head,,墙上的僵尸头颅,,,,,,,,
物品,Acacia Boat,,金合欢木船,,,,,,,,
物品,Amethyst Shard,,紫水晶碎片,,,,Shard,碎片,紫水晶碎片（Amethyst Shard），海晶碎片（Prismarine Shard）,,
物品,Apple,,苹果,,,,,,,,
物品,Arrow,,箭,,,,,,,,
物品,Arrow Loaded Crossbow,,装填箭的弩,,,,,,,,
物品,Arrow of Decay,,衰变之箭,,,,Arrow of,之箭,抗火之箭（Arrow of Fire Resistance）,,
物品,Arrow of Fire Resistance,,抗火之箭,,,,,,,,
物品,Arrow of Harming,,伤害之箭,,,,,,,,
物品,Arrow of Healing,,治疗之箭,,,,,,,,
物品,Arrow of Invisibility,,隐身之箭,,,,,,,,
物品,Arrow of Leaping,,跳跃之箭,,,,,,,,
物品,Arrow of Luck,,幸运之箭,,,,,,,,
物品,Arrow of Night Vision,,夜视之箭,,,,,,,,
物品,Arrow of Poison,,剧毒之箭,,,,,,,,
物品,Arrow of Regeneration,,再生之箭,,,,,,,,
物品,Arrow of Slow Falling,,缓降之箭,,,,,,,,
物品,Arrow of Slowness,,迟缓之箭,,,,,,,,
物品,Arrow of Splashing,,喷溅之箭,,,,,,,,
物品,Arrow of Strength,,力量之箭,,,,,,,,
物品,Arrow of Swiftness,,迅捷之箭,,,,,,,,
物品,Arrow of The Turtle Master,,神龟之箭,,,,,,,,
物品,Arrow of Water Breathing,,水肺之箭,,,,,,,,
物品,Arrow of Weakness,,虚弱之箭,,,,,,,,
物品,Awkward Lingering Potion,,滞留型粗制的药水,,,,,,,,
物品,Awkward Potion,,粗制的药水,,,,,,,,
物品,Awkward Splash Potion,,喷溅型粗制药水,,,,,,,,
物品,Axe,,斧,,,,,,,,
物品,Baked Potato,,烤马铃薯,,,,,,,,
物品,Bamboo,,竹子,,,,,,,,
物品,Banner Pattern,,旗帜图案,,,,,,,,
物品,Banner Pattern Bordure Indented,,旗帜图案,,,,,,,,
物品,Banner Pattern Creeper,,旗帜图案,,,,,,,,
物品,Banner Pattern Creeper Charge,,旗帜图案,,,,,,,,
物品,Banner Pattern Field Masoned,,旗帜图案,,,,,,,,
物品,Banner Pattern Flower,,旗帜图案,,,,,,,,
物品,Banner Pattern Flower Charge,,旗帜图案,,,,,,,,
物品,Banner Pattern Globe,,旗帜图案,,,,,,,,
物品,Banner Pattern Piglin,,旗帜图案,,,,,,,,
物品,Banner Pattern Skull,,旗帜图案,,,,,,,,
物品,Banner Pattern Skull Charge,,旗帜图案,,,,,,,,
物品,Banner Pattern Thing,,旗帜图案,,,,,,,,
物品,Beetroot Seeds,,甜菜种子,,,,,,,,
物品,Beetroot Soup,,甜菜汤,,,,,,,,
物品,Birch Boat,,白桦木船,,,,,,,,
物品,Black Dye,,黑色染料,,,,Dye,染料,黑色染料（Black Dye）,,
物品,Blaze Powder,,烈焰粉,,,,Blaze,烈焰,烈焰粉（Blaze Powder），烈焰棒（Blaze Rod）,,
物品,Blaze Rod,,烈焰棒,,,,,,,,
物品,Blue Dye,,蓝色染料,,,,,,,,
物品,Boat,,船,,,,,,,,
物品,Bone,,骨头,,,,,,,,
物品,Bone Meal,,骨粉,,,,,,,,
物品,Book,,书,,,,,,,,
物品,Book And Quill,,书与笔,,,,,,,,
物品,Boots,,靴子,,,,,,,,
物品,Bottle o' Enchanting,,附魔之瓶,,,,,,,,
物品,Bow,,弓,,,,,,,,
物品,Bowl,,碗,,,,,,,,
物品,Bread,,面包,,,,,,,,
物品,Brick,,红砖,,,,,,,,
物品,Broken Elytra,,破损的鞘翅,,,,Broken,破损的,破损的鞘翅（Broken Elytra）,,
物品,Brown Dye,,棕色染料,,,,,,,,
物品,Bucket,,桶,,,,,,,,
物品,Bucket of Axolotl,,美西螈桶,,,,Bucket of,桶,美西螈桶（Bucket of Axolotl），蝌蚪桶（Bucket of Tadpole）,,
物品,Bucket of Cod,,鳕鱼桶,,,,,,,,
物品,Bucket of Pufferfish,Pufferfish Bucket,河豚桶,,,,,,,,
物品,Bucket of Salmon,Salmon Bucket,鲑鱼桶,,,,,,,,
物品,Bucket of Tadpole,,蝌蚪桶,,,,,,,,
物品,Bucket of Tropical Fish,Tropical Fish Bucket,热带鱼桶,,,,,,,,
物品,Bundle,,收纳袋,,,,,,,,
物品,Buried Treasure Map,,藏宝图,,,,,,,,
物品,Cactus Green,,仙人掌绿,,,,,,,,
物品,Candle,,蜡烛,,,,,,,,
物品,Carrot,,胡萝卜,,,,,,,,
物品,Carrot On a Stick,,胡萝卜钓竿,,,,,,,,
物品,Chainmail Armor,,锁链盔甲,,,,Chainmail,锁链,锁链靴子（Chainmail Boots）,,
物品,Chainmail Boots,,锁链靴子,,,,,,,,
物品,Chainmail Chestplate,,锁链胸甲,,,,,,,,
物品,Chainmail Helmet,,锁链头盔,,,,,,,,
物品,Chainmail Leggings,,锁链护腿,,,,,,,,
物品,Charcoal,,木炭,,,,,,,,
物品,Chestplate,,胸甲,,,,,,,,
物品,Chorus Fruit,,紫颂果,,,,,,,,
物品,Clay Ball,,黏土球,,,,,,,,
物品,Clock,,时钟,,,,,,,,
物品,Clownfish,,小丑鱼,,,,,,,,
物品,Coal,,煤炭,,,,,,,,
物品,Cocoa Beans,,可可豆,,,,,,,,
物品,Cod Bucket,,鳕鱼桶,,,,,,,,
物品,Colored Dye,,染料,,,,,,,,
物品,Compass,,指南针,,,,,,,,
物品,Steak,Cooked Beef,牛排,,,Cooked Beef 是基岩版名称,,,,,
物品,Cooked Chicken,,熟鸡肉,,,,Cooked,熟,熟鸡肉（Cooked Chicken），熟羊肉（Cooked Mutton）,,
物品,Cooked Cod,,熟鳕鱼,,,,,,,,
物品,Cooked Fish,,熟鱼,,,,,,,,
物品,Cooked Mutton,,熟羊肉,,,,,,,,
物品,Cooked Porkchop,,熟猪排,,,,,,,,
物品,Cooked Rabbit,,熟兔肉,,,,,,,,
物品,Cooked Salmon,,熟鲑鱼,,,,,,,,
物品,Cookie,,曲奇,,,,,,,,
物品,Copper Ingot,,铜锭,,,,,,,,
物品,Crossbow,,弩,,,,,,,,
物品,Crystallized Honey,,结晶蜜,,,,Crystallized,结晶,结晶蜜（Crystallized Honey）,,
物品,Cyan Dye,,青色染料,,,,,,,,
物品,Dandelion Yellow,,蒲公英黄,,,,,,,,
物品,Dark Oak Boat,,深色橡木船,,,,,,,,
物品,Debug Stick,,调试棒,,,,,,,,
物品,Diamond,,钻石,,,,,,,,
物品,Diamond Axe,,钻石斧,,,,,,,,
物品,Diamond Boots,,钻石靴子,,,,,,,,
物品,Diamond Chestplate,,钻石胸甲,,,,,,,,
物品,Diamond Helmet,,钻石头盔,,,,,,,,
物品,Diamond Hoe,,钻石锄,,,,,,,,
物品,Diamond Horse Armor,,钻石马铠,,,,,,,,
物品,Diamond Leggings,,钻石护腿,,,,,,,,
物品,Diamond Pickaxe,,钻石镐,,,,,,,,
物品,Diamond Shovel,,钻石锹,,,,,,,,
物品,Diamond Sword,,钻石剑,,,,,,,,
物品,Dragon's Breath,,龙息,,,,,,,,
物品,Dried Kelp,,干海带,,,,,,,,
物品,Egg,,鸡蛋,,,,,,,,
物品,Elytra,,鞘翅,,,,,,,,
物品,Emerald,,绿宝石,,,,,,,,
物品,Empty Locator Map,,空定位器地图,,,,Locator,定位器,空定位器地图（Empty Locator Map）,,
物品,Empty Map,,空地图,,,,,,,,
物品,Enchanted Book,,附魔书,,,,Enchanted,附魔,附魔书（Enchanted Book），附魔金苹果（Enchanted Golden Apple）,,
物品,Enchanted Golden Apple,,附魔金苹果,,,,,,,,
物品,End Crystal,,末影水晶,,,,Crystal,水晶,末影水晶（End Crystal）,,
物品,Ender Pearl,,末影珍珠,,,,,,,,
物品,Explorer Map,,探险家地图,,,,,,,,
物品,Eye of Ender,,末影之眼,,,,Eye of,之眼,末影之眼（Eye of Ender）,,
物品,Feather,,羽毛,,,,,,,,
物品,Fermented Spider Eye,,发酵蛛眼,,,,,,,,
物品,Filled Bundle,,收纳袋,,,,,,,,
物品,Filled Map,,地图,,,,,,,,
物品,Fire Charge,,火焰弹,,,,,,,,
物品,Firework Loaded Crossbow,,装填烟花的弩,,,,,,,,
物品,Firework Rocket,,烟花火箭,,,,,,,,
物品,Firework Star,,烟火之星,,,,,,,,
物品,Fish,,鱼,,,,,,,,
物品,Fishing Rod,,钓鱼竿,,,,,,,,
物品,Flint,,燧石,,,,,,,,
物品,Flint And Steel,,打火石,,,,,,,,
物品,Fuel,,燃料,,,,,,,,
物品,Ghast Tear,,恶魂之泪,,,,,,,,
物品,Glass Bottle,,玻璃瓶,,,,,,,,
物品,Glistering Melon,Glistering Melon Slice,闪烁的西瓜片,,,,,,,,
物品,Glow Berries,,发光浆果,,,,Glow,发光,发光浆果（Glow Berries）,荧光,荧光墨囊（Glow Ink Sac）
物品,Glow Ink Sac,,荧光墨囊,,,,,,,,
物品,Glow Item Frame,,荧光物品展示框,,,,,,,,
物品,Glowstone Dust,,荧石粉,,,,,,,,
物品,Goat Horn,,山羊角,,,,,,,,
物品,Gold Ingot,,金锭,,,,Ingot,锭,铁锭（Iron Ingot）,,
物品,Gold Nugget,,金粒,,,,Nugget,粒,铁粒（Iron Nugget），金粒,,
物品,Golden Apple,,金苹果,,,,,,,,
物品,Golden Armor,,金质盔甲,,,,,,,,
物品,Golden Axe,,金斧,,,,,,,,
物品,Golden Boots,,金靴子,,,,,,,,
物品,Golden Carrot,,金胡萝卜,,,,,,,,
物品,Golden Chestplate,,金胸甲,,,,,,,,
物品,Golden Helmet,,金头盔,,,,,,,,
物品,Golden Hoe,,金锄,,,,,,,,
物品,Golden Horse Armor,,金马铠,,,,,,,,
物品,Golden Leggings,,金护腿,,,,,,,,
物品,Golden Pickaxe,,金镐,,,,,,,,
物品,Golden Shovel,,金锹,,,,,,,,
物品,Golden Sword,,金剑,,,,,,,,
物品,Golden Tools,,金质工具,,,,,,,,
物品,Gray Dye,,灰色染料,,,,,,,,
物品,Green Dye,,绿色染料,,,,,,,,
物品,Gunpowder,,火药,,,,,,,,
物品,Half Filled Bundle,,收纳袋,,,,,,,,
物品,Heart of The Sea,,海洋之心,,,,,,,,
物品,Helmet,,头盔,,,,,,,,
物品,Hoe,,锄,,,,,,,,
物品,Honey Bottle,,蜂蜜瓶,,,,,,,,
物品,Honeycomb,,蜜脾,,,,,,,,
物品,Horse Armor,,马铠,,,,,,,,
物品,Ink Sac,,墨囊,,,,,,,,
物品,Iron Armor,,铁质盔甲,,,,,,,,
物品,Iron Axe,,铁斧,,,,,,,,
物品,Iron Boots,,铁靴子,,,,,,,,
物品,Iron Chestplate,,铁胸甲,,,,,,,,
物品,Iron Helmet,,铁头盔,,,,,,,,
物品,Iron Hoe,,铁锄,,,,,,,,
物品,Iron Horse Armor,,铁马铠,,,,,,,,
物品,Iron Ingot,,铁锭,,,,,,,,
物品,Iron Leggings,,铁护腿,,,,,,,,
物品,Iron Nugget,,铁粒,,,,,,,,
物品,Iron Pickaxe,,铁镐,,,,,,,,
物品,Iron Shovel,,铁锹,,,,,,,,
物品,Iron Sword,,铁剑,,,,,,,,
物品,Iron Tools,,铁质工具,,,,,,,,
物品,Item Frame,,物品展示框,,,,,,,,
物品,Jungle Boat,,丛林木船,,,,,,,,
物品,Kelp,,海带,,,,,,,,
物品,Knowledge Book,,知识之书,,,,,,,,
物品,Lapis Lazuli,,青金石,,,,,,,,
物品,Lava Bucket,,熔岩桶,,,,,,,,
物品,Lead,,拴绳,,,,,,,,
物品,Leather,,皮革,,,,,,,,
物品,Leather Armor,,皮革盔甲,,,,,,,,
物品,Leather Boots,,皮革靴子,,,,,,,,
物品,Leather Cap,,皮革帽子,,,,Cap,帽子,皮革帽子（Leather Cap）,,
物品,Leather Horse Armor,,皮革马铠,,,,,,,,
物品,Leather Pants,,皮革裤子,,,,,,,,
物品,Leather Tunic,,皮革外套,,,,Tunic,外套,皮革外套（Leather Tunic）,,
物品,Leggings,,护腿,,,,,,,,
物品,Light Blue Dye,,淡蓝色染料,,,,,,,,
物品,Light Gray Dye,,淡灰色染料,,,,,,,,
物品,Lime Dye,,黄绿色染料,,,,,,,,
物品,Lingering Potion,,滞留药水,,,,,,,,
物品,Lingering Potion of Decay,,滞留型衰变药水,,,,Lingering Potion of,滞留型药水,滞留型抗火药水（Lingering Potion of Fire Resistance）,,
物品,Lingering Potion of Fire Resistance,,滞留型抗火药水,,,,,,,,
物品,Lingering Potion of Harming,,滞留型伤害药水,,,,,,,,
物品,Lingering Potion of Healing,,滞留型治疗药水,,,,,,,,
物品,Lingering Potion of Invisibility,,滞留型隐身药水,,,,,,,,
物品,Lingering Potion of Leaping,,滞留型跳跃药水,,,,,,,,
物品,Lingering Potion of Luck,,滞留型幸运药水,,,,,,,,
物品,Lingering Potion of Night Vision,,滞留型夜视药水,,,,,,,,
物品,Lingering Potion of Poison,,滞留型剧毒药水,,,,,,,,
物品,Lingering Potion of Regeneration,,滞留型再生药水,,,,,,,,
物品,Lingering Potion of Slow Falling,,滞留型缓降药水,,,,,,,,
物品,Lingering Potion of Slowness,,滞留型迟缓药水,,,,,,,,
物品,Lingering Potion of Strength,,滞留型力量药水,,,,,,,,
物品,Lingering Potion of Swiftness,,滞留型迅捷药水,,,,,,,,
物品,Lingering Potion of The Turtle Master,,滞留型神龟药水,,,,,,,,
物品,Lingering Potion of Water Breathing,,滞留型水肺药水,,,,,,,,
物品,Lingering Potion of Weakness,,滞留型虚弱药水,,,,,,,,
物品,Lingering Water Bottle,,滞留型水瓶,,,,,,,,
物品,Locked Map,,已锁定的地图,,,,,,,,
物品,Lodestone Compass,,磁石指针,,,,,,,,
物品,Magenta Dye,,品红色染料,,,,,,,,
物品,Magma Cream,,岩浆膏,,,,Cream,膏,岩浆膏（Magma Cream）,,
物品,Map,,地图,,,,,,,,
物品,Melon Seeds,,西瓜种子,,,,,,,,
物品,Melon Slice,,西瓜片,,,,Slice,片,西瓜片（Melon Slice）,,
物品,Milk Bucket,,奶桶,,,,,,,,
物品,Minecart,,矿车,,,,,,,,
物品,Minecart With Chest,,运输矿车,,,,With Chest,运输,运输矿车（Minecart With Chest）,,
物品,Minecart With Command Block,,命令方块矿车,,,,,,,,
物品,Minecart With Dispenser,,发射器矿车,,,,,,,,
物品,Minecart With Furnace,,动力矿车,,,,,,,,
物品,Minecart With Hopper,,漏斗矿车,,,,,,,,
物品,Minecart With Repeating Command Block,,循环型命令方块矿车,,,,,,,,
物品,Minecart With Spawner,,刷怪笼矿车,,,,,,,,
物品,Minecart With Tnt,,TNT矿车,,,,,,,,
物品,Mundane Lingering Potion,,滞留型平凡的药水,,,,,,,,
物品,Mundane Potion,,平凡的药水,,,,,,,,
物品,Mushroom Stew,,蘑菇煲,,,,Stew,煲,蘑菇煲（Mushroom Stew）,,
物品,Music Disc,,音乐唱片,,,,,,,,
物品,Music Disc 11,,音乐唱片,,,,,,,,
物品,Music Disc 13,,音乐唱片,,,,,,,,
物品,Music Disc Blocks,,音乐唱片,,,,,,,,
物品,Music Disc Cat,,音乐唱片,,,,,,,,
物品,Music Disc Chirp,,音乐唱片,,,,,,,,
物品,Music Disc Far,,音乐唱片,,,,,,,,
物品,Music Disc Mall,,音乐唱片,,,,,,,,
物品,Music Disc Mellohi,,音乐唱片,,,,,,,,
物品,Music Disc Otherside,,音乐唱片,,,,,,,,
物品,Music Disc Pigstep,,音乐唱片,,,,,,,,
物品,Music Disc Stal,,音乐唱片,,,,,,,,
物品,Music Disc Strad,,音乐唱片,,,,,,,,
物品,Music Disc Wait,,音乐唱片,,,,,,,,
物品,Music Disc Ward,,音乐唱片,,,,,,,,
物品,Name Tag,,命名牌,,,,,,,,
物品,Nautilus Shell,,鹦鹉螺壳,,,,,,,,
物品,Nether Brick,,下界砖,,,,,,,,
物品,Nether Quartz,,下界石英,,,,,,,,
物品,Nether Star,,下界之星,,,,,,,,
物品,Netherite Axe,,下界合金斧,,,,,,,,
物品,Netherite Boots,,下界合金靴子,,,,,,,,
物品,Netherite Chestplate,,下界合金胸甲,,,,,,,,
物品,Netherite Helmet,,下界合金头盔,,,,,,,,
物品,Netherite Hoe,,下界合金锄,,,,,,,,
物品,Netherite Ingot,,下界合金锭,,,,,,,,
物品,Netherite Leggings,,下界合金护腿,,,,,,,,
物品,Netherite Pickaxe,,下界合金镐,,,,,,,,
物品,Netherite Scrap,,下界合金碎片,,,,,,,,
物品,Netherite Shovel,,下界合金锹,,,,,,,,
物品,Netherite Sword,,下界合金剑,,,,,,,,
物品,Oak Boat,,橡木船,,,,,,,,
物品,Ocean Explorer Map,,海洋探险家地图,,,,,,,,
物品,Orange Dye,,橙色染料,,,,,,,,
物品,Painting,,画,,,,,,,,
物品,Paper,,纸,,,,,,,,
物品,Phantom Membrane,,幻翼膜,,,,,,,,
物品,Pickaxe,,镐,,,,,,,,
物品,Pink Dye,,粉红色染料,,,,,,,,
物品,Poisonous Potato,,毒马铃薯,,,,,,,,
物品,Popped Chorus Fruit,,爆裂紫颂果,,,,,,,,
物品,Portfolio,,公文包,,,,,,,,
物品,Potato,,马铃薯,,,,,,,,
物品,Potion,,药水,,,,,,,,
物品,Potion of Decay,,衰变药水,,,,Potion of,药水,抗火药水（Potion of Fire Resistance）,,
物品,Potion of Fire Resistance,,抗火药水,,,,,,,,
物品,Potion of Harming,,伤害药水,,,,,,,,
物品,Potion of Healing,,治疗药水,,,,,,,,
物品,Potion of Invisibility,,隐身药水,,,,,,,,
物品,Potion of Leaping,,跳跃药水,,,,,,,,
物品,Potion of Luck,,幸运药水,,,,,,,,
物品,Potion of Night Vision,,夜视药水,,,,,,,,
物品,Potion of Poison,,剧毒药水,,,,,,,,
物品,Potion of Regeneration,,再生药水,,,,,,,,
物品,Potion of Slow Falling,,缓降药水,,,,,,,,
物品,Potion of Slowness,,迟缓药水,,,,,,,,
物品,Potion of Strength,,力量药水,,,,,,,,
物品,Potion of Swiftness,,迅捷药水,,,,,,,,
物品,Potion of The Turtle Master,,神龟药水,,,,,,,,
物品,Potion of Water Breathing,,水肺药水,,,,,,,,
物品,Potion of Weakness,,虚弱药水,,,,,,,,
物品,Powder Snow Bucket,,细雪桶,,,,,,,,
物品,Prismarine Crystals,,海晶砂粒,,,,,,,,
物品,Prismarine Shard,,海晶碎片,,,,,,,,
物品,Pufferfish,,河豚,,,,,,,,
物品,Pumpkin Pie,,南瓜派,,,,,,,,
物品,Pumpkin Seeds,,南瓜种子,,,,,,,,
物品,Purple Dye,,紫色染料,,,,,,,,
物品,Rabbit Hide,,兔子皮,,,,,,,,
物品,Rabbit Stew,,兔肉煲,,,,,,,,
物品,Rabbit's Foot,,兔子脚,,,,,,,,
物品,Raw Beef,,生牛肉,,,,,,,,
物品,Raw Chicken,,生鸡肉,,,,,,,,
物品,Raw Cod,,生鳕鱼,,,,,,,,
物品,Raw Copper,,粗铜,,,,,,,,
物品,Raw Fish,,生鱼,,,,,,,,
物品,Raw Gold,,粗金,,,,,,,,
物品,Raw Iron,,粗铁,,,,,,,,
物品,Raw Mutton,,生羊肉,,,,,,,,
物品,Raw Porkchop,,生猪排,,,,,,,,
物品,Raw Rabbit,,生兔肉,,,,,,,,
物品,Raw Salmon,,生鲑鱼,,,,,,,,
物品,Red Dye,,红色染料,,,,,,,,
物品,Redstone Dust,Redstone,红石粉,,,,,,,,
物品,Rose Red,,玫瑰红,,,,,,,,
物品,Rotten Flesh,,腐肉,,,,,,,,
物品,Saddle,,鞍,,,,,,,,
物品,Scute,,鳞甲,,,,,,,,
物品,Seeds,,种子,,,,,,,,
物品,Shears,,剪刀,,,,,,,,
物品,Shield,,盾牌,,,,,,,,
物品,Shovel,,锹,,,,,,,,
物品,Shulker Shell,,潜影壳,,,,,,,,
物品,Slimeball,,黏液球,,,,,,,,
物品,Snowball,,雪球,,,,,,,,
物品,Spawn Egg,,刷怪蛋,,,,,,,,
物品,Spectral Arrow,,光灵箭,,,,,,,,
物品,Spider Eye,,蜘蛛眼,,,,,,,,
物品,Splash Awkward Potion,,喷溅型粗制的药水,,,,Splash,喷溅型,喷溅型抗火药水（Splash Potion of Fire Resistance）,,
物品,Splash Mundane Potion,Mundane Splash Potion,喷溅型平凡的药水,,,,,,,,
物品,Splash Potion,,喷溅药水,,,,,,,,
物品,Splash Potion of Decay,,喷溅型衰变药水,,,,,,,,
物品,Splash Potion of Fire Resistance,,喷溅型抗火药水,,,,,,,,
物品,Splash Potion of Harming,,喷溅型伤害药水,,,,,,,,
物品,Splash Potion of Healing,,喷溅型治疗药水,,,,,,,,
物品,Splash Potion of Invisibility,,喷溅型隐身药水,,,,,,,,
物品,Splash Potion of Leaping,,喷溅型跳跃药水,,,,,,,,
物品,Splash Potion of Luck,,喷溅型幸运药水,,,,,,,,
物品,Splash Potion of Night Vision,,喷溅型夜视药水,,,,,,,,
物品,Splash Potion of Poison,,喷溅型剧毒药水,,,,,,,,
物品,Splash Potion of Regeneration,,喷溅型再生药水,,,,,,,,
物品,Splash Potion of Slow Falling,,喷溅型缓降药水,,,,,,,,
物品,Splash Potion of Slowness,,喷溅型迟缓药水,,,,,,,,
物品,Splash Potion of Strength,,喷溅型力量药水,,,,,,,,
物品,Splash Potion of Swiftness,,喷溅型迅捷药水,,,,,,,,
物品,Splash Potion of The Turtle Master,,喷溅型神龟药水,,,,,,,,
物品,Splash Potion of Water Breathing,,喷溅型水肺药水,,,,,,,,
物品,Splash Potion of Weakness,,喷溅型虚弱药水,,,,,,,,
物品,Splash Water Bottle,,喷溅型水瓶,,,,,,,,
物品,Spruce Boat,,云杉木船,,,,,,,,
物品,Spyglass,,望远镜,,,,,,,,
物品,Stick,,木棍,,,,,,,,
物品,Stone Axe,,石斧,,,,,,,,
物品,Stone Hoe,,石锄,,,,,,,,
物品,Stone Pickaxe,,石镐,,,,,,,,
物品,Stone Shovel,,石锹,,,,,,,,
物品,Stone Sword,,石剑,,,,,,,,
物品,String,,线,,,,,,,,
物品,Sugar,,糖,,,,,,,,
物品,Suspicious Stew,,迷之炖菜,,,,,,,,
物品,Sweet Berries,,甜浆果,,,,,,,,
物品,Sword,,剑,,,,,,,,
物品,Thick Lingering Potion,,滞留型浓稠的药水,,,,,,,,
物品,Thick Potion,,浓稠的药水,,,,,,,,
物品,Thick Splash Potion,,喷溅型浓稠的药水,,,,,,,,
物品,Tipped Arrow,,药箭,,,,,,,,
物品,Totem of Undying,Undying Totem,不死图腾,,,,,,,,
物品,Trident,,三叉戟,,,,,,,,
物品,Tropical Fish,,热带鱼,,,,,,,,
物品,Turtle Shell,,海龟壳,,,,,,,,
物品,Uncraftable Lingering Potion,,不可合成的滞留型药水,,,,Uncraftable,不可合成的,不可合成的药水（Uncraftable Potion）,,
物品,Uncraftable Potion,,不可合成的药水,,,,,,,,
物品,Uncraftable Splash Potion,,不可合成的喷溅型药水,,,,,,,,
物品,Uncraftable Tipped Arrow,,不可合成的药箭,,,,,,,,
物品,Warped Fungus On a Stick,,诡异菌钓竿,,,,,,,,
物品,Water Bottle,,水瓶,,,,,,,,
物品,Water Bucket,,水桶,,,,,,,,
物品,Wheat,,小麦,,,,,,,,
物品,Wheat Seeds,,小麦种子,,,,,,,,
物品,White Dye,,白色染料,,,,,,,,
物品,Wooden Axe,,木斧,,,,,,,,
物品,Wooden Hoe,,木锄,,,,,,,,
物品,Wooden Pickaxe,,木镐,,,,,,,,
物品,Wooden Shovel,,木锹,,,,,,,,
物品,Wooden Sword,,木剑,,,,,,,,
物品,Woodland Explorer Map,,林地探险家地图,,,,,,,,
物品,Written Book,,成书,,,,,,,,
物品,Yellow Dye,,黄色染料,,,,,,,,
实体,Agent,,智能体,,,,,,,,
实体,Area Effect Cloud,,区域效果云,,,,Effect,效果,（Area Effect Cloud）,,
实体,Armor Stand,,盔甲架,,,,,,,,
实体,Axolotl,,美西螈,,,,,,,,
实体,Bat,,蝙蝠,,,,,,,,
实体,Bee,,蜜蜂,,,,,,,,
实体,Black Cat,,猫,,,,,,,,
实体,Blaze,,烈焰人,,,,,,,,
实体,Brown Mooshroom,,棕色哞菇,,,,,,,,
实体,Cat,,猫,,,,,,,,
实体,Cave Spider,,洞穴蜘蛛,,,,,,,,
实体,Charged Creeper,,闪电苦力怕,,,,,,,,
实体,Chicken,,鸡,,,,,,,,
实体,Chicken Jockey,,鸡骑士,,,,,,,,
实体,Cod,,鳕鱼,,,,,,,,
实体,Cow,,牛,,,,,,,,
实体,Creeper,,苦力怕,,,,,,,,
实体,Dolphin,,海豚,,,,,,,,
实体,Donkey,,驴,,,,,,,,
实体,Dragon Fireball,,末影龙火球,,,,,,,,
实体,Drowned,,溺尸,,,,,,,,
实体,Elder Guardian,,远古守卫者,,,,,,,,
实体,Ender Crystal,,末影水晶,,,,,,,,
实体,Ender Dragon,,末影龙,,,,,,,,
实体,Enderman,,末影人,,,,,,,,
实体,Endermite,,末影螨,,,,,,,,
实体,Evoker,,唤魔者,,,,,,,,
实体,Evoker Fangs,,唤魔者尖牙,,,,,,,,
实体,Experience Orb,,经验球,,,,,,,,
实体,Fireball,,火球,,,,,,,,
实体,Fishing Bobber,,浮漂,,,,,,,,
实体,Fox,,狐狸,,,,,,,,
实体,Frog,,青蛙,,,,,,,,
实体,Ghast,,恶魂,,,,,,,,
实体,Giant,,巨人,,,,,,,,
实体,Glow Squid,,发光鱿鱼,,,,,,,,
实体,Goat,,山羊,,,,,,,,
实体,Guardian,,守卫者,,,,,,,,
实体,Hoglin,,疣猪兽,,,,,,,,
实体,Horse,,马,,,,,,,,
实体,Human,,人类,,,,,,,,
实体,Husk,,尸壳,,,,,,,,
实体,Illager,,灾厄村民,,,,,,,,
实体,Illager Captain,,灾厄队长,,,,,,,,
实体,Illusioner,,幻术师,,,,,,,,
实体,Iron Golem,,铁傀儡,,,,,,,,
实体,Item,,物品,,,,,,,,
实体,Killer Bunny,,杀手兔,,,,,,,,
实体,Leash Knot,,拴绳结,,,,,,,,
实体,Lightning Bolt,,闪电,,,,,,,,
实体,Llama,,羊驼,,,,,,,,
实体,Llama Spit,,羊驼唾沫,,,,,,,,
实体,Magma Cube,,岩浆怪,,,,,,,,
实体,Marker,,标记,,,,,,,,
实体,Mask,,Mask,,,,,,,,
实体,Mooshroom,,哞菇,,,,,,,,
实体,Mule,,骡,,,,,,,,
实体,Npc,,NPC,,,,,,,,
实体,Ocelot,,豹猫,,,,,,,,
实体,Panda,,熊猫,,,,,,,,
实体,Parrot,,鹦鹉,,,,,,,,
实体,Phantom,,幻翼,,,,,,,,
实体,Pig,,猪,,,,,,,,
实体,Piglin,,猪灵,,,,,,,,
实体,Piglin Brute,,猪灵蛮兵,,,,,,,,
实体,Pigman,,猪人,,,,,,,,
实体,Pillager,,掠夺者,,,,,,,,
实体,Player,,玩家,,,,,,,,
实体,Polar Bear,,北极熊,,,,,,,,
实体,Pufferfish,,河豚,,,,,,,,
实体,Rabbit,,兔子,,,,,,,,
实体,Ravager,,劫掠兽,,,,,,,,
实体,Red Cat,,猫,,,,,,,,
实体,Red Mooshroom,,红色哞菇,,,,,,,,
实体,Salmon,,鲑鱼,,,,,,,,
实体,Sheep,,绵羊,,,,,,,,
实体,Shulker,,潜影贝,,,,,,,,
实体,Shulker Bullet,Shulker Projectile,潜影贝导弹,,,,,,,,
实体,Siamese Cat,,猫,,,,,,,,
实体,Silverfish,,蠹虫,,,,,,,,
实体,Skeleton,,骷髅,,,,,,,,
实体,Skeleton Horse,,骷髅马,,,,,,,,
实体,Skeleton Horseman,,骷髅骑手,,,,,,,,
实体,Slime,,史莱姆,,,,,,,,
实体,Small Fireball,,小火球,,,,,,,,
实体,Snow Golem,,雪傀儡,,,,,,,,
实体,Spider,Spider Day,蜘蛛,,,,,,,,
实体,Spider Jockey,,蜘蛛骑士,,,,,,,,
实体,Squid,,鱿鱼,,,,,,,,
实体,Stray,,流浪者,,,,,,,,
实体,Strider,,炽足兽,,,,,,,,
实体,Tadpole,,蝌蚪,,,,,,,,
实体,Tamed Wolf,,驯服的狼,,,,,,,,
实体,Trader Llama,,行商羊驼,,,,,,,,
实体,Tropical Fish,,热带鱼,,,,,,,,
实体,Turtle,Sea Turtle,海龟,,,Sea Turtle 是基岩版名称,,,,,
实体,Vex,,恼鬼,,,,,,,,
实体,Villager,,村民,,,,,,,,
实体,Vindicator,,卫道士,,,,,,,,
实体,Wandering Trader,,流浪商人,,,,,,,,
实体,Witch,,女巫,,,,,,,,
实体,Wither,,凋灵,,,,,,,,
实体,Wither Skeleton,,凋灵骷髅,,,,,,,,
实体,Wither Skull,,凋灵之首,,,,,,,,
实体,Wolf,,狼,,,,,,,,
实体,Zoglin,,僵尸疣猪兽,,,,,,,,
实体,Zombie,,僵尸,,,,,,,,
实体,Zombie Horse,,僵尸马,,,,,,,,
实体,Zombie Pigman,,僵尸猪人,,,,,,,,
实体,Zombie Villager,,僵尸村民,,,,,,,,
实体,Zombified Piglin,,僵尸猪灵,,,,,,,,
魔咒,Protection,,保护,,,,,,,,
魔咒,Fire Protection,,火焰保护,,,,,,,,
魔咒,Feather Falling,,摔落保护,,,,,,,,
魔咒,Blast Protection,,爆炸保护,,,,,,,,
魔咒,Projectile Protection,,弹射物保护,,,,,,,,
魔咒,Respiration,,水下呼吸,,,,,,,,
魔咒,Aqua Affinity,,水下速掘,,,,,,,,
魔咒,Thorns,,荆棘,,,,,,,,
魔咒,Depth Strider,,深海探索者,,,,,,,,
魔咒,Frost Walker,,冰霜行者,,,,Walker,行者,冰霜行者（Frost Walker）,,
魔咒,Curse of Binding,,绑定诅咒,,,,Curse of,诅咒,"绑定诅咒（Curse of Binding）,消失诅咒",,
魔咒,Sharpness,,锋利,,,,,,,,
魔咒,Smite,,亡灵杀手,,,,,,,,
魔咒,Bane of Arthropods,,节肢杀手,,,,Bane,杀手,节肢杀手（Bane of Arthropods）,,
魔咒,Knockback,,击退,,,,,,,,
魔咒,Fire Aspect,,火焰附加,,,,Aspect,附加,火焰附加（Fire Aspect）,,
魔咒,Looting,,抢夺,,,,,,,,
魔咒,Sweeping Edge,,横扫之刃,,,,,,,,
魔咒,Efficiency,,效率,,,,,,,,
魔咒,Silk Touch,,精准采集,,,,,,,,
魔咒,Unbreaking,,耐久,,,,,,,,
魔咒,Fortune,,时运,,,,,,,,
魔咒,Power,,力量,,,,,,,,
魔咒,Punch,,冲击,,,,,,,,
魔咒,Flame,,火矢,,,,,,,,
魔咒,Infinity,,无限,,,,,,,,
魔咒,Luck of the Sea,,海之眷顾,,,,,,,,
魔咒,Lure,,饵钓,,,,,,,,
魔咒,Mending,,经验修补,,,,,,,,
魔咒,Curse of Vanishing,,消失诅咒,,,,,,,,
魔咒,Loyalty,,忠诚,,,,,,,,
魔咒,Channeling,,引雷,,,,,,,,
魔咒,Riptide,,激流,,,,,,,,
魔咒,Impaling,,穿刺,,,,,,,,
魔咒,Quick Charge,,快速装填,,,,,,,,
魔咒,Multishot,,多重射击,,,,,,,,
魔咒,Piercing,,穿透,,,,,,,,
魔咒,Soul Speed,,灵魂疾行,,,,,,,,
状态效果,Speed,,速度,,,,,,,,
状态效果,Slowness,,缓慢,,,,,,,,
状态效果,Haste,,急迫,,,,,,,,
状态效果,Mining Fatigue,,挖掘疲劳,,,,,,,,
状态效果,Strength,,力量,,,,,,,,
状态效果,Instant Health,,瞬间治疗,,,,Instant,瞬间,瞬间治疗,,
状态效果,Instant Damage,,瞬间伤害,,,,,,,,
状态效果,Jump Boost,,跳跃提升,,,,Boost,提升,跳跃提升（Jump Boost）,,
状态效果,Nausea,,反胃,,,,,,,,
状态效果,Regeneration,,生命恢复,,,,,,,,
状态效果,Resistance,,抗性提升,,,,,,,,
状态效果,Fire Resistance,,防火,,,,Resistance,抗,抗火药水（Potion of Fire Resistance），喷溅型抗火药水，滞留型抗火药水,防,防火（Fire Resistance）
状态效果,Water Breathing,,水下呼吸,,,,,,,,
状态效果,Invisibility,,隐身,,,,,,,,
状态效果,Blindness,,失明,,,,,,,,
状态效果,Night Vision,,夜视,,,,,,,,
状态效果,Hunger,,饥饿,,,,,,,,
状态效果,Weakness,,虚弱,,,,,,,,
状态效果,Poison,,中毒,,,,,,,,
状态效果,Wither,,凋零,,,,,,,,
状态效果,Health Boost,,生命提升,,,,,,,,
状态效果,Absorption,,伤害吸收,,,,,,,,
状态效果,Saturation,,饱和,,,,,,,,
状态效果,Glowing,,发光,,,,,,,,
状态效果,Levitation,,飘浮,,,,,,,,
状态效果,Luck,,幸运,,,,,,,,
状态效果,Unluck,,霉运,,,,,,,,
状态效果,Slow Falling,,缓降,,,,,,,,
状态效果,Conduit Power,,潮涌能量,,,,,,,,
状态效果,Dolphins Grace,,海豚的恩惠,,,,,,,,
状态效果,Bad Omen,,不祥之兆,,,,,,,,
状态效果,Hero of the Village,,村庄英雄,,,,,,,,
环境,Architecture,,建筑,,,,,,,,
环境,Biome,,生物群系,,,,,,,,
环境,Generated structure,,结构,,,,,,,,
环境,Chunk,,区块,,,,,,,,
环境,Feature,,地物,地形特征,,,,,,,
环境,The Void,,虚空,,,,,,,,
环境,World boundary,,世界界限,,,,,,,,
环境,Projectile,,弹射物,,,,,,,,
环境,Entity,,实体,,,,,,,,
环境,Dimension,,维度,,,,,,,,
环境,The Overworld,,主世界,,,,Overworld,主世界,,,
环境,The Nether,,下界,,,,Nether,下界,,,
环境,The End,,末地,末路之地,,,End,末地,,末路之地,
环境,Default,,默认,,,,,,,,
环境,Amplified,,放大化,,,,,,,,
环境,Superflat,,超平坦,,,,,,,,
环境,Large biome,,巨型生物群系,,,,,,,,
环境,Debug mode,,调试模式,,,,,,,,
环境,Customized,,自定义,,,,,,,,
环境,Buffet,,自选,,,,,,,,
环境,Old,,旧世界类型,,,,,,,,
环境,Floating island,,浮岛,,,,,,,,
环境,Hollow,,空洞,,,,,,,,
环境,Mountain,,山脉,,,,,,,,
环境,Hill,,丘陵,,,,,,,,
环境,Far Land,,边境之地,,,,,,,,
环境,Abandoned mineshaft,,废弃矿井,,,,,,,,
环境,Stronghold,,要塞,,,,,,,,
环境,Buried treasure,,埋藏的宝藏,,,,,,,,
环境,Dungeon,,地牢,,,,,,,,
环境,Huge mushroom,,巨型蘑菇,,,,,,,,
环境,Iceberg,,冰山,,,,,,,,
环境,Ice spike,,冰刺,,,,,,,,
环境,Mossy cobblestone boulder,,生苔的巨石,,,,,,,,
环境,Shipwreck,,沉船,,,,,,,,
环境,Coral reef,,珊瑚礁,,,,,,,,
环境,Ocean monument,,海底神殿,,,,,,,,
环境,Desert temple,,沙漠神殿,,,,,,,,
环境,Jungle temple,,丛林神庙,,,,,,,,
环境,Woodland mansion,,林地府邸,,,,,,,,
环境,Pillager outpost,,掠夺者前哨站,,,,,,,,
环境,Witch hut,,沼泽小屋,,,,,,,,
环境,Glowstone cluster,,荧石堆,,,,,,,,
环境,Lava sea,,熔岩海,,,,,,,,
环境,Nether fortress,,下界要塞,,,,,,,,
环境,End city,,末地城,,,,,,,,
环境,Exit portal,,返回传送门,,,,,,,,
环境,End gateway,,末地折跃门,,,,,,,,
环境,Obsidian pillar,,黑曜石柱,,,,,,,,
环境,Nether portal,,下界传送门,,,,,,,,
环境,Conduit frame,,潮涌框架,,,,,,,,
环境,Opacity,,不透明度,,,,,,,,
环境,Ambient,,环境音效,,,,,,,,
环境,Thunderstorm,,雷暴,,,,,,,,
环境,Nether reactor,,下界反应器,,,,,,,,
环境,Monolith,,独石柱,,,暂译（截至2022年3月1日）,,,,,
环境,Sky dimension,,天域,,,,,,,,
环境,Enchanting library,,附魔用图书馆,,,,,,,,
环境,Novice,,新手,,,,,,,,
环境,Apprentice,,学徒,,,,,,,,
环境,Journeyman,,老手,,,,,,,,
环境,Expert,,专家,,,,,,,,
环境,Master,,大师,,,,,,,,
环境,Ocean ruins,,海底废墟,,,,,,,,
环境,Igloo,,雪屋,,,,,,,,
环境,Basalt pillar,,玄武岩柱,,,,,,,,
环境,Ruined portal,,废弃传送门,,,,,,,,
环境,Bastion remnant,,堡垒遗迹,,,,,,,,
环境,Amethyst geode,,紫晶洞,,,,,,,,
版本相关,Mojang,,Mojang,,,,,,,,
版本相关,Minecraft,,Minecraft,,,,,,,,
版本相关,Launcher,,启动器,,,,,,,,
版本相关,Realms,,Realms,,,,,,,,
版本相关,Bedrock Edition,,基岩版,,,,,,,,
版本相关,Education Edition,,教育版,,,,,,,,
版本相关,Java Edition,,Java版,,,,,,,,
版本相关,Legacy Console Edition,,原主机版,,,,,,,,
版本相关,New Nintendo 3DS Edition,,New Nintendo 3DS版,,,,,,,,
版本相关,Pocket Edition,,携带版,,,,,,,,
版本相关,Version history,,版本记录,,,,,,,,
版本相关,Development cycle,,开发周期,,,,,,,,
版本相关,Upcoming,,即将到来,,,,,,,,
版本相关,Planned version,,计划版本,,,,,,,,
版本相关,Feature,,特性,,,,,,,,
版本相关,Pre-classic,,Pre-classic,,,,,,,,
版本相关,Classic,,Classic,,,,,,,,
版本相关,Indev,,Indev,,,,,,,,
版本相关,Infdev,,Infdev,,,,,,,,
版本相关,Alpha,,Alpha,,,,,,,,
版本相关,Beta,,Beta,,,,,,,,
版本相关,Official release,Full release,正式版,,,,,,,,
版本相关,Snapshot,,快照,,,,,,,,
版本相关,Pre-release,,预发布版,,,,,,,,
版本相关,Build,,开发版,,,,,,,,
版本相关,Mentioned feature,,提及特性,,,,,,,,
版本相关,Removed feature,,已移除特性,,,,,,,,
版本相关,Exclusive feature,,独有特性,,,,,,,,
版本相关,Unused feature,,未使用特性,,,,,,,,
版本相关,Easter egg,,彩蛋,,,,,,,,
版本相关,Seecret Friday Update,,秘密周五更新,,,,,,,,
版本相关,Adventure Update,,冒险更新,,,,,,,,
版本相关,Pretty Scary Update,,骇人更新,,,,,,,,
版本相关,Horse Update,,马匹更新,,,,,,,,
版本相关,Bountful Update,,缤纷更新,,,,,,,,
版本相关,Frostburn Update,,霜炙更新,,,,,,,,
版本相关,Exploration Update,,探险更新,,,,,,,,
版本相关,Colorful Update,,多彩世界更新,,,,,,,,
版本相关,Update Aquatic,,水域更新,,,,,,,,
版本相关,Village and Pillage,,村庄与掠夺,,,,,,,,
版本相关,Buzzy Bees,,嗡嗡蜂群,,,,,,,,
版本相关,Nether Update,,下界更新,,,,,,,,
版本相关,Caves & Cliffs,,洞穴与山崖,,,,,,,,
版本相关,Pocket Edition Alpha,,携带版Alpha,,,,,,,,
版本相关,Pocket Edition Lite,,携带版Lite,,,,,,,,
版本相关,Bedrock Edition alpha,,基岩版alpha,,,,,,,,
版本相关,Bedrock Edition beta,,基岩版beta,,,,,,,,
版本相关,Ender Update,,末影更新,,,,,,,,
版本相关,Discovery Update,,探索更新,,,,,,,,
版本相关,Better Together Update,,独乐不如众乐更新,,,,,,,,
难度,Peaceful,,和平,,,,,,,,
难度,Easy,,简单,,,,,,,,
难度,Normal,,普通,,,,,,,,
难度,Hard,,困难,,,,,,,,
游戏模式,Creative,,创造模式,,,,,,,,
游戏模式,Survival,,生存模式,,,,,,,,
游戏模式,Hardcore,,极限模式,,,,,,,,
游戏模式,Adventure,,冒险模式,,,,,,,,
游戏模式,Spectator,,旁观模式,,,,,,,,
游戏模式,Demo,,演示版,演示模式,,,,,,,
游戏模式,SSP,Survival Singleplayer,单人生存模式,,,,,,,,
游戏模式,SMP,Survival Multiplayer,多人生存模式,,,,,,,,
游戏模式,CSP,Creative Singleplayer,单人创造模式,,,,,,,,
游戏模式,CMP,Creative Multiplayer,多人创造模式,,,,,,,,
游戏模式,HSP,Hardcore Singleplayer,单人极限模式,,,,,,,,
游戏模式,HMP,Hardcore Multiplayer,多人极限模式,,,,,,,,
游戏模式,ASP,Adventure Singleplayer,单人冒险模式,,,,,,,,
游戏模式,AMP,Adventure Multiplayer,多人冒险模式,,,,,,,,
游戏内容,Splash,,闪烁标语,,,,,,,,
游戏内容,Accessibility,,辅助功能,,,,,,,,
游戏内容,Advancement,,进度,,,,,,,,
游戏内容,Attack indicator,,攻击指示器,,,,,,,,
游戏内容,Chest loot,,箱子战利品,,,,,,,,
游戏内容,Loot table,,战利品表,,,,Loot,战利品,战利品表（Loot table），箱子战利品（Chest loot）,,
游戏内容,Crosshair,,十字准星,准星,,,,,,,
游戏内容,HUD,Heads-up display,HUD,抬头显示器,平视显示器,,,,,,
游戏内容,Inventory,,物品栏,,,,,,,,
游戏内容,Hotbar,,快捷栏,,,,,,,,
游戏内容,Narrator,,复述功能,,,,,,,,
游戏内容,Slot,,槽位,,,,,,,,
游戏内容,Material,,材料,,,,,,,,
游戏内容,Renewable resource,,可再生资源,,,,Renewable,可再生,可再生资源（Renewable resource）,,
游戏内容,Rarity,,稀有度,,,,,,,,
游戏内容,Scoreboard,,记分板,,,,,,,,
游戏内容,Spawn,,生成,,,,,,,,
游戏内容,Status effect,,状态效果,,,,,,,,
游戏内容,Third person view,,第三人称视角,,,,,,,,
游戏内容,Waterlogging,,含水,,,,,,,,
游戏内容,Breaking,Break,挖掘,,,,,,,,
游戏内容,Breeding,Breed,繁殖,,,,,,,,
游戏内容,Brewing,Brew,酿造,,,,,,,,
游戏内容,Farming,Farm,耕种,,,,,,,,
游戏内容,Crafting,Craft,合成,,,,,,,,
游戏内容,Recipe book,,配方书,,,,,,,,
游戏内容,Enchanting,,附魔,,,,,,,,
游戏内容,Health,,生命,,,,,,,,
游戏内容,Health bar,,生命条,,,,,,,,
游戏内容,Hunger,,饥饿,,,,,,,,
游戏内容,Saturation level,,饱和度,,,,,,,,
游戏内容,Smelting,,烧炼,,,,,,,,
游戏内容,Trading,,交易,村民交易,,,,,,,
游戏内容,Blocking,,防御,,,,,,,,
游戏内容,Dual wield,,双持,,,,,,,,
游戏内容,Sneaking,,潜行,,,,,,,,
游戏内容,Sprinting,,疾跑,,,,,,,,
游戏内容,Transportation,,运输,,,,,,,,
游戏内容,Vehicle,,载具,,,总称,,,,,
游戏内容,Tutorial hint,,教学提示,,,,,,,,
游戏内容,Illager patrol,,灾厄巡逻队,,,,,,,,
游戏内容,Raid,,袭击,,,,,,,,
游戏内容,Tier,,品质,,,,,,,,
生物群系,Ocean,,海洋,,,,,,,,
生物群系,Plains,,平原,,,,,,,,
生物群系,Desert,,沙漠,,,,,,,,
生物群系,Windswept Hills,,风袭丘陵,,,,Windswept,风袭,"风袭丘陵（Windswept Hills）,风袭森林",,
生物群系,Forest,,森林,,,,,,,,
生物群系,Taiga,,针叶林,,,,,,,,
生物群系,Swamp,,沼泽,,,,,,,,
生物群系,River,,河流,,,,,,,,
生物群系,Nether Wastes,,下界荒地,,,,,,,,
生物群系,The End,,末地,,,,,,,,
生物群系,Frozen Ocean,,冻洋,,,,,,,,
生物群系,Frozen River,,冻河,,,,Frozen,冻,冻洋（Frozen Ocean），冻河（Frozen River）,,
生物群系,Snowy Plains,,积雪的平原,,,,Snowy,积雪的,积雪的平原（Snowy Plains）,,
生物群系,Mushroom Fields,,蘑菇岛,,,,,,,,
生物群系,Beach,,沙滩,,,,,,,,
生物群系,Jungle,,丛林,,,,,,,,
生物群系,Sparse Jungle,,稀疏的丛林,,,,Sparse,稀疏的,稀疏的丛林（Sparse Jungle）,,
生物群系,Deep Ocean,,深海,,,,,,,,
生物群系,Stony Shore,,石岸,,,,shore,岸,石岸（Stony Shore），蘑菇岛岸,,
生物群系,Snowy Beach,,积雪的沙滩,,,,,,,,
生物群系,Birch Forest,,桦木森林,,,,,,,,
生物群系,Dark Forest,,黑森林,,,,,,,,
生物群系,Snowy Taiga,,积雪的针叶林,,,,,,,,
生物群系,Old Growth Pine Taiga,,原始松木针叶林,,,,,,,,
生物群系,Windswept Forest,,风袭森林,,,,,,,,
生物群系,Savanna,,热带草原,,,,,,,,
生物群系,Savanna Plateau,,热带高原,,,,,,,,
生物群系,Badlands,,恶地,,,,,,,,
生物群系,Wooded Badlands,,繁茂的恶地,,,,Wooded,繁茂的,繁茂的恶地（Wooded Badlands）,,
生物群系,Small End Islands,,末地小型岛屿,,,,,,,,
生物群系,End Midlands,,末地中型岛屿,,,,,,,,
生物群系,End Highlands,,末地高岛,,,,,,,,
生物群系,End Barrens,,末地荒岛,,,,,,,,
生物群系,Warm Ocean,,暖水海洋,,,,,,,,
生物群系,Lukewarm Ocean,,温水海洋,,,,,,,,
生物群系,Cold Ocean,,冷水海洋,,,,,,,,
生物群系,Deep Lukewarm Ocean,,温水深海,,,,,,,,
生物群系,Deep Cold Ocean,,冷水深海,,,,,,,,
生物群系,Deep Frozen Ocean,,冰冻深海,,,,,,,,
生物群系,The Void,,虚空,,,,,,,,
生物群系,Sunflower Plains,,向日葵平原,,,,,,,,
生物群系,Windswept Gravelly Hills,,风袭沙砾丘陵,,,,,,,,
生物群系,Flower Forest,,繁花森林,,,,,,,,
生物群系,Ice Spikes,,冰刺平原,,,,,,,,
生物群系,Old Growth Birch Forest,,原始桦木森林,,,,,,,,
生物群系,Old Growth Spruce Taiga,,原始云杉针叶林,,,,,,,,
生物群系,Windswept Savanna,,风袭热带草原,,,,,,,,
生物群系,Eroded Badlands,,被风蚀的恶地,,,,,,,,
生物群系,Bamboo Jungle,,竹林,,,,,,,,
生物群系,Soul Sand Valley,,灵魂沙峡谷,,,,,,,,
生物群系,Crimson Forest,,绯红森林,,,,,,,,
生物群系,Warped Forest,,诡异森林,,,,,,,,
生物群系,Basalt Deltas,,玄武岩三角洲,,,,,,,,
生物群系,Dripstone Caves,,溶洞,,,,,,,,
生物群系,Lush Caves,,繁茂洞穴,,,,,,,,
生物群系,Meadow,,草甸,,,,,,,,
生物群系,Grove,,雪林,,,,,,,,
生物群系,Snowy Slopes,,积雪的山坡,,,,,,,,
生物群系,Frozen Peaks,,冰封山峰,,,,,,,,
生物群系,Jagged Peaks,,尖峭山峰,,,,,,,,
生物群系,Stony Peaks,,裸岩山峰,,,,,,,,
